,Column,Metric,Score
0,0,KSComplement,0.9797873583362542
1,1,KSComplement,0.9821824979553686
2,2,KSComplement,0.9882579740623905
3,3,KSComplement,0.9841102932585581
4,4,KSComplement,0.9825914242318028
5,5,KSComplement,0.97838532538848
6,6,KSComplement,0.975639677532422
7,7,KSComplement,0.9714919967285898
8,8,KSComplement,0.9786189975464423
9,9,KSComplement,0.9894263348522024
10,10,TVComplement,0.9992989835261128
