,Column,Metric,Score
0,0,KSComplement,0.9840877038929247
1,1,KSComplement,0.9891700593384954
2,2,KSComplement,0.9901279902078178
3,3,KSComplement,0.9486442617280009
4,4,KSComplement,0.996381150049227
5,5,KSComplement,0.9922035070913493
6,6,KSComplement,0.9451318485404859
7,7,TVComplement,0.9967270695298156
8,8,TVComplement,0.9916979324658737
9,9,TVComplement,0.9505335142758309
10,10,TVComplement,0.9440142625262766
11,11,TVComplement,0.9933477022963731
