,Column,Metric,Score
0,0,KSComplement,0.9841675314653682
1,1,KSComplement,0.9856044277693515
2,2,KSComplement,0.9891168409568665
3,3,KSComplement,0.9508794337564195
4,4,KSComplement,0.9968335062930735
5,5,KSComplement,0.9949974721268726
6,6,KSComplement,0.9520502381522578
7,7,TVComplement,0.9969665522471461
8,8,TVComplement,0.9889039674303505
9,9,TVComplement,0.9521832841063304
10,10,TVComplement,0.9434820787099865
11,11,TVComplement,0.9976583912083233
