,Column,Metric,Score
0,0,KSComplement,0.9870896132725786
1,1,KSComplement,0.9884332281808623
2,2,KSComplement,0.9904194415235426
3,3,KSComplement,0.990769949760486
4,4,KSComplement,0.99018576936558
5,5,KSComplement,0.9913541301553919
6,6,KSComplement,0.9896015889706741
7,7,KSComplement,0.9931650893796005
8,8,KSComplement,0.9898352611286365
9,9,KSComplement,0.992931417221638
10,10,TVComplement,0.9989484752891693
