,Column,Metric,Score
0,0,KSComplement,0.9874985395490128
1,1,KSComplement,0.9921719827082602
2,2,KSComplement,0.9936908517350157
3,3,KSComplement,0.9916462203528449
4,4,KSComplement,0.9925809089846945
5,5,KSComplement,0.9898936791681271
6,6,KSComplement,0.9899520972076177
7,7,KSComplement,0.9948592125248277
8,8,KSComplement,0.9960859913541301
9,9,KSComplement,0.9918214744713167
10,10,TVComplement,0.997838532538848
