,Column,Metric,Score
0,0,KSComplement,0.9912372940764108
1,1,KSComplement,0.9873232854305409
2,2,KSComplement,0.993515597616544
3,3,KSComplement,0.9919967285897885
4,4,KSComplement,0.9918214744713167
5,5,KSComplement,0.988900572496787
6,6,KSComplement,0.9936908517350158
7,7,KSComplement,0.9946255403668653
8,8,KSComplement,0.9945087042878841
9,9,KSComplement,0.9929898352611286
10,10,TVComplement,0.9995910737235658
