,Column,Metric,Score
0,0,KSComplement,0.9835261128636522
1,1,KSComplement,0.9897184250496553
2,2,KSComplement,0.990769949760486
3,3,KSComplement,0.9916462203528449
4,4,KSComplement,0.9910036219184484
5,5,KSComplement,0.9893679168127117
6,6,KSComplement,0.9906531136815049
7,7,KSComplement,0.9911788760369202
8,8,KSComplement,0.9882579740623905
9,9,KSComplement,0.9893094987732212
10,10,TVComplement,0.9963196635120926
