,Column,Metric,Score
0,0,KSComplement,0.9824379340624252
1,1,KSComplement,0.9930816103882281
2,2,KSComplement,0.9854713818152789
3,3,KSComplement,0.9464356988903968
4,4,KSComplement,0.9976850003991378
5,5,KSComplement,0.9936137942045182
6,6,KSComplement,0.9457172507384051
7,7,TVComplement,0.9949442537452435
8,8,TVComplement,0.9951571272717596
9,9,TVComplement,0.9332375402464012
10,10,TVComplement,0.956573800590724
11,11,TVComplement,0.9969665522471461
