,Column,Metric,Score
0,0,KSComplement,0.9758122455496129
1,1,KSComplement,0.9892764961017535
2,2,KSComplement,0.9819323594369495
3,3,KSComplement,0.9606183975945292
4,4,KSComplement,0.9964609776216705
5,5,KSComplement,0.9950772996993161
6,6,KSComplement,0.95436523775312
7,7,TVComplement,0.9958223570421223
8,8,TVComplement,0.9811873020941433
9,9,TVComplement,0.8972086958835581
10,10,TVComplement,0.9229930017828158
11,11,TVComplement,0.9923099438546074
