,Column,Metric,Score
0,0,KSComplement,0.9869086222036263
1,1,KSComplement,0.9922020160591055
2,2,KSComplement,0.9917923836237865
3,3,KSComplement,0.983955766655136
4,4,KSComplement,0.9989618974738702
5,5,KSComplement,0.9955000455720624
6,6,KSComplement,0.988074074176025
7,7,TVComplement,0.9762072543994627
8,8,TVComplement,0.9784819196665471
9,9,TVComplement,0.970142270473555
10,10,TVComplement,0.9685402136748608
11,11,TVComplement,0.9971705369275927
