,Column,Metric,Score
0,0,KSComplement,0.9817194859104335
1,1,KSComplement,0.9926824725260105
2,2,KSComplement,0.9876533354620686
3,3,KSComplement,0.954471674516378
4,4,KSComplement,0.9979777014980974
5,5,KSComplement,0.9948378169819855
6,6,KSComplement,0.9478725951943802
7,7,TVComplement,0.9969133338655172
8,8,TVComplement,0.9902876453527049
9,9,TVComplement,0.9481120779117107
10,10,TVComplement,0.9696123040898327
11,11,TVComplement,0.996594023575743
