{
    "best_f1_scores": {
        "XGBClassifier": {
            "binary_f1": 0.8249027237354085, 
            "roc_auc": 0.9317491277379337, 
            "weighted_f1": 0.8551182854808725, 
            "accuracy": 0.8817034700315457
        }
    }, 
    "best_weighted_scores": {
        "XGBClassifier": {
            "binary_f1": 0.8249027237354085, 
            "roc_auc": 0.9317491277379337, 
            "weighted_f1": 0.8551182854808725, 
            "accuracy": 0.8817034700315457
        }
    }, 
    "best_auroc_scores": {
        "XGBClassifier": {
            "binary_f1": 0.8149882903981265, 
            "roc_auc": 0.9269080732700135, 
            "weighted_f1": 0.8470707644503275, 
            "accuracy": 0.8753943217665615
        }
    }, 
    "best_acc_scores": {
        "XGBClassifier": {
            "binary_f1": 0.8249027237354085, 
            "roc_auc": 0.9317491277379337, 
            "weighted_f1": 0.8551182854808725, 
            "accuracy": 0.8817034700315457
        }
    }, 
    "best_avg_scores": {
        "XGBClassifier": {
            "binary_f1": 0.8249027237354085, 
            "roc_auc": 0.9317491277379337, 
            "weighted_f1": 0.8551182854808725, 
            "accuracy": 0.8817034700315457
        }
    }
}