{
    "best_f1_scores": {
        "XGBClassifier": {
            "binary_f1": 0.8124513618677043, 
            "roc_auc": 0.928983330102733, 
            "weighted_f1": 0.8448155857817345, 
            "accuracy": 0.8732912723449001
        }
    }, 
    "best_weighted_scores": {
        "XGBClassifier": {
            "binary_f1": 0.8124513618677043, 
            "roc_auc": 0.928983330102733, 
            "weighted_f1": 0.8448155857817345, 
            "accuracy": 0.8732912723449001
        }
    }, 
    "best_auroc_scores": {
        "XGBClassifier": {
            "binary_f1": 0.8106001558846454, 
            "roc_auc": 0.9243155165729793, 
            "weighted_f1": 0.8433637627645455, 
            "accuracy": 0.8722397476340694
        }
    }, 
    "best_acc_scores": {
        "XGBClassifier": {
            "binary_f1": 0.8124513618677043, 
            "roc_auc": 0.928983330102733, 
            "weighted_f1": 0.8448155857817345, 
            "accuracy": 0.8732912723449001
        }
    }, 
    "best_avg_scores": {
        "XGBClassifier": {
            "binary_f1": 0.8124513618677043, 
            "roc_auc": 0.928983330102733, 
            "weighted_f1": 0.8448155857817345, 
            "accuracy": 0.8732912723449001
        }
    }
}