{
    "best_f1_scores": {
        "XGBClassifier": {
            "binary_f1": 0.8145224940805051, 
            "roc_auc": 0.9218562221360729, 
            "weighted_f1": 0.8472293495049548, 
            "accuracy": 0.8764458464773922
        }
    }, 
    "best_weighted_scores": {
        "XGBClassifier": {
            "binary_f1": 0.8145224940805051, 
            "roc_auc": 0.9218562221360729, 
            "weighted_f1": 0.8472293495049548, 
            "accuracy": 0.8764458464773922
        }
    }, 
    "best_auroc_scores": {
        "XGBClassifier": {
            "binary_f1": 0.8141176470588235, 
            "roc_auc": 0.925789881760031, 
            "weighted_f1": 0.8465853196995388, 
            "accuracy": 0.8753943217665615
        }
    }, 
    "best_acc_scores": {
        "XGBClassifier": {
            "binary_f1": 0.8145224940805051, 
            "roc_auc": 0.9218562221360729, 
            "weighted_f1": 0.8472293495049548, 
            "accuracy": 0.8764458464773922
        }
    }, 
    "best_avg_scores": {
        "XGBClassifier": {
            "binary_f1": 0.8145224940805051, 
            "roc_auc": 0.9218562221360729, 
            "weighted_f1": 0.8472293495049548, 
            "accuracy": 0.8764458464773922
        }
    }
}