{
    "best_f1_scores": {
        "XGBClassifier": {
            "binary_f1": 0.8290398126463701, 
            "roc_auc": 0.9305134231440202, 
            "weighted_f1": 0.8586856430996697, 
            "accuracy": 0.8848580441640379
        }
    }, 
    "best_weighted_scores": {
        "XGBClassifier": {
            "binary_f1": 0.8290398126463701, 
            "roc_auc": 0.9305134231440202, 
            "weighted_f1": 0.8586856430996697, 
            "accuracy": 0.8848580441640379
        }
    }, 
    "best_auroc_scores": {
        "XGBClassifier": {
            "binary_f1": 0.8133230054221534, 
            "roc_auc": 0.92755500096918, 
            "weighted_f1": 0.8452997175894755, 
            "accuracy": 0.8732912723449001
        }
    }, 
    "best_acc_scores": {
        "XGBClassifier": {
            "binary_f1": 0.8290398126463701, 
            "roc_auc": 0.9305134231440202, 
            "weighted_f1": 0.8586856430996697, 
            "accuracy": 0.8848580441640379
        }
    }, 
    "best_avg_scores": {
        "XGBClassifier": {
            "binary_f1": 0.8290398126463701, 
            "roc_auc": 0.9305134231440202, 
            "weighted_f1": 0.8586856430996697, 
            "accuracy": 0.8848580441640379
        }
    }
}