{
    "best_r2_scores": {
        "XGBRegressor": {
            "r2": 0.6656609773635864, 
            "explained_variance": 0.6660276651382446, 
            "MAE": 0.4638976752758026, 
            "RMSE": 0.605563814637191
        }
    }, 
    "best_rmse_scores": {
        "XGBRegressor": {
            "r2": 0.6656609773635864, 
            "explained_variance": 0.6660276651382446, 
            "MAE": 0.4638976752758026, 
            "RMSE": 0.605563814637191
        }
    }
}