{
    "best_r2_scores": {
        "XGBRegressor": {
            "r2": 0.6352143883705139, 
            "explained_variance": 0.6362776756286621, 
            "MAE": 0.48334580659866333, 
            "RMSE": 0.6325359682176944
        }
    }, 
    "best_rmse_scores": {
        "XGBRegressor": {
            "r2": 0.6352143883705139, 
            "explained_variance": 0.6362776756286621, 
            "MAE": 0.48334580659866333, 
            "RMSE": 0.6325359682176944
        }
    }
}