{
    "best_r2_scores": {
        "XGBRegressor": {
            "r2": 0.6787801384925842, 
            "explained_variance": 0.680317759513855, 
            "MAE": 0.4539797604084015, 
            "RMSE": 0.5935640294807542
        }
    }, 
    "best_rmse_scores": {
        "XGBRegressor": {
            "r2": 0.6787801384925842, 
            "explained_variance": 0.680317759513855, 
            "MAE": 0.4539797604084015, 
            "RMSE": 0.5935640294807542
        }
    }
}