{
    "best_r2_scores": {
        "XGBRegressor": {
            "r2": 0.7316036820411682, 
            "explained_variance": 0.7328859567642212, 
            "MAE": 0.405782550573349, 
            "RMSE": 0.5425686082218191
        }
    }, 
    "best_rmse_scores": {
        "XGBRegressor": {
            "r2": 0.7316036820411682, 
            "explained_variance": 0.7328859567642212, 
            "MAE": 0.405782550573349, 
            "RMSE": 0.5425686082218191
        }
    }
}