{
    "best_r2_scores": {
        "XGBRegressor": {
            "r2": 0.6946874856948853, 
            "explained_variance": 0.695088803768158, 
            "MAE": 0.4406641721725464, 
            "RMSE": 0.5786803130261706
        }
    }, 
    "best_rmse_scores": {
        "XGBRegressor": {
            "r2": 0.6946874856948853, 
            "explained_variance": 0.695088803768158, 
            "MAE": 0.4406641721725464, 
            "RMSE": 0.5786803130261706
        }
    }
}