{
    "best_r2_scores": {
        "XGBRegressor": {
            "r2": 0.4922136068344116, 
            "explained_variance": 0.4925779700279236, 
            "MAE": 0.5915035009384155, 
            "RMSE": 0.7462888133116733
        }
    }, 
    "best_rmse_scores": {
        "XGBRegressor": {
            "r2": 0.4922136068344116, 
            "explained_variance": 0.4925779700279236, 
            "MAE": 0.5915035009384155, 
            "RMSE": 0.7462888133116733
        }
    }
}