{
    "best_r2_scores": {
        "XGBRegressor": {
            "r2": 0.7180572748184204, 
            "explained_variance": 0.7187074422836304, 
            "MAE": 0.42099565267562866, 
            "RMSE": 0.55609224311215
        }
    }, 
    "best_rmse_scores": {
        "XGBRegressor": {
            "r2": 0.7180572748184204, 
            "explained_variance": 0.7187074422836304, 
            "MAE": 0.42099565267562866, 
            "RMSE": 0.55609224311215
        }
    }
}