{
    "best_r2_scores": {
        "XGBRegressor": {
            "r2": 0.734944224357605, 
            "explained_variance": 0.7355509400367737, 
            "MAE": 0.40408384799957275, 
            "RMSE": 0.5391815164733037
        }
    }, 
    "best_rmse_scores": {
        "XGBRegressor": {
            "r2": 0.734944224357605, 
            "explained_variance": 0.7355509400367737, 
            "MAE": 0.40408384799957275, 
            "RMSE": 0.5391815164733037
        }
    }
}