{
    "best_r2_scores": {
        "XGBRegressor": {
            "r2": 0.7263640761375427, 
            "explained_variance": 0.7267759442329407, 
            "MAE": 0.41689571738243103, 
            "RMSE": 0.547838996294302
        }
    }, 
    "best_rmse_scores": {
        "XGBRegressor": {
            "r2": 0.7263640761375427, 
            "explained_variance": 0.7267759442329407, 
            "MAE": 0.41689571738243103, 
            "RMSE": 0.547838996294302
        }
    }
}