{
    "best_r2_scores": {
        "XGBRegressor": {
            "r2": 0.7353914976119995, 
            "explained_variance": 0.7358200550079346, 
            "MAE": 0.4043377935886383, 
            "RMSE": 0.5387264531116626
        }
    }, 
    "best_rmse_scores": {
        "XGBRegressor": {
            "r2": 0.7353914976119995, 
            "explained_variance": 0.7358200550079346, 
            "MAE": 0.4043377935886383, 
            "RMSE": 0.5387264531116626
        }
    }
}