{
    "best_r2_scores": {
        "XGBRegressor": {
            "r2": 0.6893540620803833, 
            "explained_variance": 0.6902202367782593, 
            "MAE": 0.4467667043209076, 
            "RMSE": 0.583712817688575
        }
    }, 
    "best_rmse_scores": {
        "XGBRegressor": {
            "r2": 0.6893540620803833, 
            "explained_variance": 0.6902202367782593, 
            "MAE": 0.4467667043209076, 
            "RMSE": 0.583712817688575
        }
    }
}