{
    "best_r2_scores": {
        "XGBRegressor": {
            "r2": 0.7427423000335693, 
            "explained_variance": 0.7439244985580444, 
            "MAE": 0.3948701024055481, 
            "RMSE": 0.5311907847444641
        }
    }, 
    "best_rmse_scores": {
        "XGBRegressor": {
            "r2": 0.7427423000335693, 
            "explained_variance": 0.7439244985580444, 
            "MAE": 0.3948701024055481, 
            "RMSE": 0.5311907847444641
        }
    }
}