{
    "best_r2_scores": {
        "XGBRegressor": {
            "r2": 0.7289169430732727, 
            "explained_variance": 0.7295198440551758, 
            "MAE": 0.4127807915210724, 
            "RMSE": 0.54527746924216
        }
    }, 
    "best_rmse_scores": {
        "XGBRegressor": {
            "r2": 0.7289169430732727, 
            "explained_variance": 0.7295198440551758, 
            "MAE": 0.4127807915210724, 
            "RMSE": 0.54527746924216
        }
    }
}