{
    "best_r2_scores": {
        "XGBRegressor": {
            "r2": 0.6974033713340759, 
            "explained_variance": 0.6981874704360962, 
            "MAE": 0.4463708996772766, 
            "RMSE": 0.5761007232699219
        }
    }, 
    "best_rmse_scores": {
        "XGBRegressor": {
            "r2": 0.6974033713340759, 
            "explained_variance": 0.6981874704360962, 
            "MAE": 0.4463708996772766, 
            "RMSE": 0.5761007232699219
        }
    }
}