{
    "best_r2_scores": {
        "XGBRegressor": {
            "r2": 0.6705036759376526, 
            "explained_variance": 0.6705062389373779, 
            "MAE": 0.4633694887161255, 
            "RMSE": 0.601162219945997
        }
    }, 
    "best_rmse_scores": {
        "XGBRegressor": {
            "r2": 0.6705036759376526, 
            "explained_variance": 0.6705062389373779, 
            "MAE": 0.4633694887161255, 
            "RMSE": 0.601162219945997
        }
    }
}