{
    "best_r2_scores": {
        "XGBRegressor": {
            "r2": 0.6651555299758911, 
            "explained_variance": 0.6658798456192017, 
            "MAE": 0.46675845980644226, 
            "RMSE": 0.6060213827902462
        }
    }, 
    "best_rmse_scores": {
        "XGBRegressor": {
            "r2": 0.6651555299758911, 
            "explained_variance": 0.6658798456192017, 
            "MAE": 0.46675845980644226, 
            "RMSE": 0.6060213827902462
        }
    }
}