,Column,Metric,Score
0,0,KSComplement,0.9829701178787154
1,1,KSComplement,0.9868816689284479
2,2,KSComplement,0.987041324073335
3,3,KSComplement,0.9503738591309439
4,4,KSComplement,0.9975785636358798
5,5,KSComplement,0.9950506905085016
6,6,KSComplement,0.9485378249647428
7,7,TVComplement,0.9949176445544291
8,8,TVComplement,0.9922567254729784
9,9,TVComplement,0.9286341502354913
10,10,TVComplement,0.9369362177696177
11,11,TVComplement,0.9964875868124851
