,Column,Metric,Score
0,0,KSComplement,0.9892510807337306
1,1,KSComplement,0.9869727771935974
2,2,KSComplement,0.9901273513260894
3,3,KSComplement,0.9914709662343731
4,4,KSComplement,0.992522490945204
5,5,KSComplement,0.9907115317209954
6,6,KSComplement,0.9887253183783152
7,7,KSComplement,0.993223507419091
8,8,KSComplement,0.988316392101881
9,9,KSComplement,0.9914709662343731
10,10,TVComplement,0.9976632784203762
