{
    "best_f1_scores": {
        "XGBClassifier": {
            "binary_f1": 0.6553228621291448, 
            "roc_auc": 0.9059102862707191, 
            "weighted_f1": 0.7149484946189584, 
            "accuracy": 0.8544315459738345
        }
    }, 
    "best_weighted_scores": {
        "XGBClassifier": {
            "binary_f1": 0.6553228621291448, 
            "roc_auc": 0.9059102862707191, 
            "weighted_f1": 0.7149484946189584, 
            "accuracy": 0.8544315459738345
        }
    }, 
    "best_auroc_scores": {
        "XGBClassifier": {
            "binary_f1": 0.6617495205782564, 
            "roc_auc": 0.9108212104921671, 
            "weighted_f1": 0.7206444895830653, 
            "accuracy": 0.8591609851974694
        }
    }, 
    "best_acc_scores": {
        "XGBClassifier": {
            "binary_f1": 0.6595713229859571, 
            "roc_auc": 0.9095359049585143, 
            "weighted_f1": 0.7189006696623306, 
            "accuracy": 0.8585467723112831
        }
    }, 
    "best_avg_scores": {
        "XGBClassifier": {
            "binary_f1": 0.6553228621291448, 
            "roc_auc": 0.9059102862707191, 
            "weighted_f1": 0.7149484946189584, 
            "accuracy": 0.8544315459738345
        }
    }
}