{
    "best_f1_scores": {
        "XGBClassifier": {
            "binary_f1": 0.6535909157941306, 
            "roc_auc": 0.9056199726879304, 
            "weighted_f1": 0.7138984147637373, 
            "accuracy": 0.8557213930348259
        }
    }, 
    "best_weighted_scores": {
        "XGBClassifier": {
            "binary_f1": 0.6535909157941306, 
            "roc_auc": 0.9056199726879304, 
            "weighted_f1": 0.7138984147637373, 
            "accuracy": 0.8557213930348259
        }
    }, 
    "best_auroc_scores": {
        "XGBClassifier": {
            "binary_f1": 0.6555621653777514, 
            "roc_auc": 0.9096053090213676, 
            "weighted_f1": 0.7157531907417896, 
            "accuracy": 0.8577482955592408
        }
    }, 
    "best_acc_scores": {
        "XGBClassifier": {
            "binary_f1": 0.6435255055840627, 
            "roc_auc": 0.9046283314943374, 
            "weighted_f1": 0.7062209437046119, 
            "accuracy": 0.8549229162827836
        }
    }, 
    "best_avg_scores": {
        "XGBClassifier": {
            "binary_f1": 0.6555621653777514, 
            "roc_auc": 0.9096053090213676, 
            "weighted_f1": 0.7157531907417896, 
            "accuracy": 0.8577482955592408
        }
    }
}