{
    "best_f1_scores": {
        "XGBClassifier": {
            "binary_f1": 0.6407710280373832, 
            "roc_auc": 0.9002587558267108, 
            "weighted_f1": 0.7030311188160359, 
            "accuracy": 0.8489036299981574
        }
    }, 
    "best_weighted_scores": {
        "XGBClassifier": {
            "binary_f1": 0.6407710280373832, 
            "roc_auc": 0.9002587558267108, 
            "weighted_f1": 0.7030311188160359, 
            "accuracy": 0.8489036299981574
        }
    }, 
    "best_auroc_scores": {
        "XGBClassifier": {
            "binary_f1": 0.6509572901325479, 
            "roc_auc": 0.9076192561172491, 
            "weighted_f1": 0.7116869182534223, 
            "accuracy": 0.8544315459738345
        }
    }, 
    "best_acc_scores": {
        "XGBClassifier": {
            "binary_f1": 0.6296351899114248, 
            "roc_auc": 0.9005110715084013, 
            "weighted_f1": 0.6946251776834322, 
            "accuracy": 0.8484736809778269
        }
    }, 
    "best_avg_scores": {
        "XGBClassifier": {
            "binary_f1": 0.6407710280373832, 
            "roc_auc": 0.9002587558267108, 
            "weighted_f1": 0.7030311188160359, 
            "accuracy": 0.8489036299981574
        }
    }
}