{
    "best_f1_scores": {
        "XGBClassifier": {
            "binary_f1": 0.6671560710615181, 
            "roc_auc": 0.9119108443469223, 
            "weighted_f1": 0.7249862743890454, 
            "accuracy": 0.8607579387015539
        }
    }, 
    "best_weighted_scores": {
        "XGBClassifier": {
            "binary_f1": 0.6671560710615181, 
            "roc_auc": 0.9119108443469223, 
            "weighted_f1": 0.7249862743890454, 
            "accuracy": 0.8607579387015539
        }
    }, 
    "best_auroc_scores": {
        "XGBClassifier": {
            "binary_f1": 0.6641198942109903, 
            "roc_auc": 0.911140666776651, 
            "weighted_f1": 0.7224970971824292, 
            "accuracy": 0.8595909342177999
        }
    }, 
    "best_acc_scores": {
        "XGBClassifier": {
            "binary_f1": 0.6424503617054025, 
            "roc_auc": 0.9085874942838486, 
            "weighted_f1": 0.7058597052442225, 
            "accuracy": 0.8573183465389104
        }
    }, 
    "best_avg_scores": {
        "XGBClassifier": {
            "binary_f1": 0.6671560710615181, 
            "roc_auc": 0.9119108443469223, 
            "weighted_f1": 0.7249862743890454, 
            "accuracy": 0.8607579387015539
        }
    }
}