{
    "best_f1_scores": {
        "XGBClassifier": {
            "binary_f1": 0.806774441878368, 
            "roc_auc": 0.9280456483814692, 
            "weighted_f1": 0.8395438379911773, 
            "accuracy": 0.8680336487907466
        }
    }, 
    "best_weighted_scores": {
        "XGBClassifier": {
            "binary_f1": 0.806774441878368, 
            "roc_auc": 0.9280456483814692, 
            "weighted_f1": 0.8395438379911773, 
            "accuracy": 0.8680336487907466
        }
    }, 
    "best_auroc_scores": {
        "XGBClassifier": {
            "binary_f1": 0.806774441878368, 
            "roc_auc": 0.9280456483814692, 
            "weighted_f1": 0.8395438379911773, 
            "accuracy": 0.8680336487907466
        }
    }, 
    "best_acc_scores": {
        "XGBClassifier": {
            "binary_f1": 0.806774441878368, 
            "roc_auc": 0.9280456483814692, 
            "weighted_f1": 0.8395438379911773, 
            "accuracy": 0.8680336487907466
        }
    }, 
    "best_avg_scores": {
        "XGBClassifier": {
            "binary_f1": 0.806774441878368, 
            "roc_auc": 0.9280456483814692, 
            "weighted_f1": 0.8395438379911773, 
            "accuracy": 0.8680336487907466
        }
    }
}