{
    "best_f1_scores": {
        "XGBClassifier": {
            "binary_f1": 0.8169014084507042, 
            "roc_auc": 0.9309265361504167, 
            "weighted_f1": 0.8487676271807195, 
            "accuracy": 0.8769716088328076
        }
    }, 
    "best_weighted_scores": {
        "XGBClassifier": {
            "binary_f1": 0.8169014084507042, 
            "roc_auc": 0.9309265361504167, 
            "weighted_f1": 0.8487676271807195, 
            "accuracy": 0.8769716088328076
        }
    }, 
    "best_auroc_scores": {
        "XGBClassifier": {
            "binary_f1": 0.8302469135802469, 
            "roc_auc": 0.9299464528009305, 
            "weighted_f1": 0.8591441996352801, 
            "accuracy": 0.8843322818086226
        }
    }, 
    "best_acc_scores": {
        "XGBClassifier": {
            "binary_f1": 0.8169014084507042, 
            "roc_auc": 0.9309265361504167, 
            "weighted_f1": 0.8487676271807195, 
            "accuracy": 0.8769716088328076
        }
    }, 
    "best_avg_scores": {
        "XGBClassifier": {
            "binary_f1": 0.8169014084507042, 
            "roc_auc": 0.9309265361504167, 
            "weighted_f1": 0.8487676271807195, 
            "accuracy": 0.8769716088328076
        }
    }
}