{
    "best_f1_scores": {
        "XGBClassifier": {
            "binary_f1": 0.7838283828382838, 
            "roc_auc": 0.9096930122116689, 
            "weighted_f1": 0.824370558477743, 
            "accuracy": 0.8622502628811777
        }
    }, 
    "best_weighted_scores": {
        "XGBClassifier": {
            "binary_f1": 0.7863674147963424, 
            "roc_auc": 0.9156655844155843, 
            "weighted_f1": 0.826815559438773, 
            "accuracy": 0.8648790746582544
        }
    }, 
    "best_auroc_scores": {
        "XGBClassifier": {
            "binary_f1": 0.7863674147963424, 
            "roc_auc": 0.9156655844155843, 
            "weighted_f1": 0.826815559438773, 
            "accuracy": 0.8648790746582544
        }
    }, 
    "best_acc_scores": {
        "XGBClassifier": {
            "binary_f1": 0.7863674147963424, 
            "roc_auc": 0.9156655844155843, 
            "weighted_f1": 0.826815559438773, 
            "accuracy": 0.8648790746582544
        }
    }, 
    "best_avg_scores": {
        "XGBClassifier": {
            "binary_f1": 0.7863674147963424, 
            "roc_auc": 0.9156655844155843, 
            "weighted_f1": 0.826815559438773, 
            "accuracy": 0.8648790746582544
        }
    }
}