{
    "best_f1_scores": {
        "XGBClassifier": {
            "binary_f1": 0.8188126445643793, 
            "roc_auc": 0.9300651773599534, 
            "weighted_f1": 0.8496177863926351, 
            "accuracy": 0.8764458464773922
        }
    }, 
    "best_weighted_scores": {
        "XGBClassifier": {
            "binary_f1": 0.8188126445643793, 
            "roc_auc": 0.9300651773599534, 
            "weighted_f1": 0.8496177863926351, 
            "accuracy": 0.8764458464773922
        }
    }, 
    "best_auroc_scores": {
        "XGBClassifier": {
            "binary_f1": 0.8188126445643793, 
            "roc_auc": 0.9300651773599534, 
            "weighted_f1": 0.8496177863926351, 
            "accuracy": 0.8764458464773922
        }
    }, 
    "best_acc_scores": {
        "XGBClassifier": {
            "binary_f1": 0.8188126445643793, 
            "roc_auc": 0.9300651773599534, 
            "weighted_f1": 0.8496177863926351, 
            "accuracy": 0.8764458464773922
        }
    }, 
    "best_avg_scores": {
        "XGBClassifier": {
            "binary_f1": 0.8188126445643793, 
            "roc_auc": 0.9300651773599534, 
            "weighted_f1": 0.8496177863926351, 
            "accuracy": 0.8764458464773922
        }
    }
}