{
    "best_f1_scores": {
        "XGBClassifier": {
            "binary_f1": 0.6863270777479893, 
            "roc_auc": 0.9326137232228603, 
            "weighted_f1": 0.7275121088294149, 
            "accuracy": 0.9051094890510949
        }
    }, 
    "best_weighted_scores": {
        "XGBClassifier": {
            "binary_f1": 0.6863270777479893, 
            "roc_auc": 0.9326137232228603, 
            "weighted_f1": 0.7275121088294149, 
            "accuracy": 0.9051094890510949
        }
    }, 
    "best_auroc_scores": {
        "XGBClassifier": {
            "binary_f1": 0.6827956989247311, 
            "roc_auc": 0.9398335064578719, 
            "weighted_f1": 0.724472913579264, 
            "accuracy": 0.9042984590429846
        }
    }, 
    "best_acc_scores": {
        "XGBClassifier": {
            "binary_f1": 0.6863270777479893, 
            "roc_auc": 0.9326137232228603, 
            "weighted_f1": 0.7275121088294149, 
            "accuracy": 0.9051094890510949
        }
    }, 
    "best_avg_scores": {
        "XGBClassifier": {
            "binary_f1": 0.6863270777479893, 
            "roc_auc": 0.9326137232228603, 
            "weighted_f1": 0.7275121088294149, 
            "accuracy": 0.9051094890510949
        }
    }
}