,Column,Metric,Score
0,0,KSComplement,0.9883748101413716
1,1,KSComplement,0.9891342446547494
2,2,KSComplement,0.9901857693655801
3,3,KSComplement,0.9941581960509405
4,4,KSComplement,0.9942166140904312
5,5,KSComplement,0.9856875803248043
6,6,KSComplement,0.9886084822993341
7,7,KSComplement,0.9905946956420143
8,8,KSComplement,0.9917046383923355
9,9,KSComplement,0.9931066713401099
10,10,TVComplement,0.9997079098025471
