,Column,Metric,Score
0,0,KSComplement,0.9892510807337306
1,1,KSComplement,0.9878490477859563
2,2,KSComplement,0.9896600070101648
3,3,KSComplement,0.9922304007477509
4,4,KSComplement,0.9924056548662227
5,5,KSComplement,0.9863885967986914
6,6,KSComplement,0.9912372940764108
7,7,KSComplement,0.988900572496787
8,8,KSComplement,0.9903610234840519
9,9,KSComplement,0.9893679168127117
10,10,TVComplement,0.9983642948942633
