{
    "best_f1_scores": {
        "XGBClassifier": {
            "binary_f1": 0.6037675092577685, 
            "roc_auc": 0.9058847086493029, 
            "weighted_f1": 0.6753061449142148, 
            "accuracy": 0.8488422087095387
        }
    }, 
    "best_weighted_scores": {
        "XGBClassifier": {
            "binary_f1": 0.6037675092577685, 
            "roc_auc": 0.9058847086493029, 
            "weighted_f1": 0.6753061449142148, 
            "accuracy": 0.8488422087095387
        }
    }, 
    "best_auroc_scores": {
        "XGBClassifier": {
            "binary_f1": 0.6661784092573605, 
            "roc_auc": 0.9097693654428929, 
            "weighted_f1": 0.7241164823041871, 
            "accuracy": 0.8600208832381303
        }
    }, 
    "best_acc_scores": {
        "XGBClassifier": {
            "binary_f1": 0.6037675092577685, 
            "roc_auc": 0.9058847086493029, 
            "weighted_f1": 0.6753061449142148, 
            "accuracy": 0.8488422087095387
        }
    }, 
    "best_avg_scores": {
        "XGBClassifier": {
            "binary_f1": 0.6037675092577685, 
            "roc_auc": 0.9058847086493029, 
            "weighted_f1": 0.6753061449142148, 
            "accuracy": 0.8488422087095387
        }
    }
}