{
    "best_f1_scores": {
        "XGBClassifier": {
            "binary_f1": 0.6097863115515639, 
            "roc_auc": 0.8971315635898456, 
            "weighted_f1": 0.6791604787431026, 
            "accuracy": 0.8452183526810393
        }
    }, 
    "best_weighted_scores": {
        "XGBClassifier": {
            "binary_f1": 0.6097863115515639, 
            "roc_auc": 0.8971315635898456, 
            "weighted_f1": 0.6791604787431026, 
            "accuracy": 0.8452183526810393
        }
    }, 
    "best_auroc_scores": {
        "XGBClassifier": {
            "binary_f1": 0.6055103318722604, 
            "roc_auc": 0.9011785413113348, 
            "weighted_f1": 0.6759555865548128, 
            "accuracy": 0.8452183526810393
        }
    }, 
    "best_acc_scores": {
        "XGBClassifier": {
            "binary_f1": 0.6055103318722604, 
            "roc_auc": 0.9011785413113348, 
            "weighted_f1": 0.6759555865548128, 
            "accuracy": 0.8452183526810393
        }
    }, 
    "best_avg_scores": {
        "XGBClassifier": {
            "binary_f1": 0.6055103318722604, 
            "roc_auc": 0.9011785413113348, 
            "weighted_f1": 0.6759555865548128, 
            "accuracy": 0.8452183526810393
        }
    }
}