{
    "best_f1_scores": {
        "XGBClassifier": {
            "binary_f1": 0.6482982171799028, 
            "roc_auc": 0.9064677717788245, 
            "weighted_f1": 0.7095027126870995, 
            "accuracy": 0.8533873840673177
        }
    }, 
    "best_weighted_scores": {
        "XGBClassifier": {
            "binary_f1": 0.6482982171799028, 
            "roc_auc": 0.9064677717788245, 
            "weighted_f1": 0.7095027126870995, 
            "accuracy": 0.8533873840673177
        }
    }, 
    "best_auroc_scores": {
        "XGBClassifier": {
            "binary_f1": 0.6475602586713698, 
            "roc_auc": 0.9065192981663777, 
            "weighted_f1": 0.7088237601261812, 
            "accuracy": 0.8527117498925127
        }
    }, 
    "best_acc_scores": {
        "XGBClassifier": {
            "binary_f1": 0.6482982171799028, 
            "roc_auc": 0.9064677717788245, 
            "weighted_f1": 0.7095027126870995, 
            "accuracy": 0.8533873840673177
        }
    }, 
    "best_avg_scores": {
        "XGBClassifier": {
            "binary_f1": 0.6482982171799028, 
            "roc_auc": 0.9064677717788245, 
            "weighted_f1": 0.7095027126870995, 
            "accuracy": 0.8533873840673177
        }
    }
}