{
    "best_f1_scores": {
        "XGBClassifier": {
            "binary_f1": 0.6325455366551257, 
            "roc_auc": 0.9009329219167963, 
            "weighted_f1": 0.6971006141073282, 
            "accuracy": 0.8500706344819114
        }
    }, 
    "best_weighted_scores": {
        "XGBClassifier": {
            "binary_f1": 0.6325455366551257, 
            "roc_auc": 0.9009329219167963, 
            "weighted_f1": 0.6971006141073282, 
            "accuracy": 0.8500706344819114
        }
    }, 
    "best_auroc_scores": {
        "XGBClassifier": {
            "binary_f1": 0.6315471698113208, 
            "roc_auc": 0.9018381020725348, 
            "weighted_f1": 0.6963535271481825, 
            "accuracy": 0.8500706344819114
        }
    }, 
    "best_acc_scores": {
        "XGBClassifier": {
            "binary_f1": 0.613013698630137, 
            "roc_auc": 0.8994820649279529, 
            "weighted_f1": 0.681962416425278, 
            "accuracy": 0.8473066764940729
        }
    }, 
    "best_avg_scores": {
        "XGBClassifier": {
            "binary_f1": 0.6325455366551257, 
            "roc_auc": 0.9009329219167963, 
            "weighted_f1": 0.6971006141073282, 
            "accuracy": 0.8500706344819114
        }
    }
}