{
    "best_f1_scores": {
        "XGBClassifier": {
            "binary_f1": 0.6320228950143094, 
            "roc_auc": 0.9027769204857459, 
            "weighted_f1": 0.6966866417596971, 
            "accuracy": 0.8499477919046742
        }
    }, 
    "best_weighted_scores": {
        "XGBClassifier": {
            "binary_f1": 0.6320228950143094, 
            "roc_auc": 0.9027769204857459, 
            "weighted_f1": 0.6966866417596971, 
            "accuracy": 0.8499477919046742
        }
    }, 
    "best_auroc_scores": {
        "XGBClassifier": {
            "binary_f1": 0.6277888905985536, 
            "roc_auc": 0.9042308407253861, 
            "weighted_f1": 0.693789931541499, 
            "accuracy": 0.8514219028315214
        }
    }, 
    "best_acc_scores": {
        "XGBClassifier": {
            "binary_f1": 0.6202414113277623, 
            "roc_auc": 0.8997598798202029, 
            "weighted_f1": 0.6877396680835097, 
            "accuracy": 0.8492721577298692
        }
    }, 
    "best_avg_scores": {
        "XGBClassifier": {
            "binary_f1": 0.6320228950143094, 
            "roc_auc": 0.9027769204857459, 
            "weighted_f1": 0.6966866417596971, 
            "accuracy": 0.8499477919046742
        }
    }
}