{
    "best_f1_scores": {
        "XGBClassifier": {
            "binary_f1": 0.5649415692821369, 
            "roc_auc": 0.8957401524850701, 
            "weighted_f1": 0.6445463449267126, 
            "accuracy": 0.8399361218598366
        }
    }, 
    "best_weighted_scores": {
        "XGBClassifier": {
            "binary_f1": 0.5649415692821369, 
            "roc_auc": 0.8957401524850701, 
            "weighted_f1": 0.6445463449267126, 
            "accuracy": 0.8399361218598366
        }
    }, 
    "best_auroc_scores": {
        "XGBClassifier": {
            "binary_f1": 0.6020311012377023, 
            "roc_auc": 0.9016288339511063, 
            "weighted_f1": 0.6734806735426072, 
            "accuracy": 0.8459554081444629
        }
    }, 
    "best_acc_scores": {
        "XGBClassifier": {
            "binary_f1": 0.5989799171182658, 
            "roc_auc": 0.8992631156794322, 
            "weighted_f1": 0.6711024010104247, 
            "accuracy": 0.8454640378355138
        }
    }, 
    "best_avg_scores": {
        "XGBClassifier": {
            "binary_f1": 0.5649415692821369, 
            "roc_auc": 0.8957401524850701, 
            "weighted_f1": 0.6445463449267126, 
            "accuracy": 0.8399361218598366
        }
    }
}