{
    "best_f1_scores": {
        "XGBClassifier": {
            "binary_f1": 0.6356566820276498, 
            "roc_auc": 0.8960862998251333, 
            "weighted_f1": 0.6983947507740518, 
            "accuracy": 0.8446041397948529
        }
    }, 
    "best_weighted_scores": {
        "XGBClassifier": {
            "binary_f1": 0.6356566820276498, 
            "roc_auc": 0.8960862998251333, 
            "weighted_f1": 0.6983947507740518, 
            "accuracy": 0.8446041397948529
        }
    }, 
    "best_auroc_scores": {
        "XGBClassifier": {
            "binary_f1": 0.63003003003003, 
            "roc_auc": 0.9018003446313969, 
            "weighted_f1": 0.6949549748507626, 
            "accuracy": 0.8486579448436828
        }
    }, 
    "best_acc_scores": {
        "XGBClassifier": {
            "binary_f1": 0.63003003003003, 
            "roc_auc": 0.9018003446313969, 
            "weighted_f1": 0.6949549748507626, 
            "accuracy": 0.8486579448436828
        }
    }, 
    "best_avg_scores": {
        "XGBClassifier": {
            "binary_f1": 0.6356566820276498, 
            "roc_auc": 0.8960862998251333, 
            "weighted_f1": 0.6983947507740518, 
            "accuracy": 0.8446041397948529
        }
    }
}