{
    "best_f1_scores": {
        "XGBClassifier": {
            "binary_f1": 0.6463326071169209, 
            "roc_auc": 0.8997175013659171, 
            "weighted_f1": 0.7074763397104418, 
            "accuracy": 0.8504391622136233
        }
    }, 
    "best_weighted_scores": {
        "XGBClassifier": {
            "binary_f1": 0.6463326071169209, 
            "roc_auc": 0.8997175013659171, 
            "weighted_f1": 0.7074763397104418, 
            "accuracy": 0.8504391622136233
        }
    }, 
    "best_auroc_scores": {
        "XGBClassifier": {
            "binary_f1": 0.6443465491923641, 
            "roc_auc": 0.9040611909960918, 
            "weighted_f1": 0.7061439343483222, 
            "accuracy": 0.8512376389656655
        }
    }, 
    "best_acc_scores": {
        "XGBClassifier": {
            "binary_f1": 0.6441914769410391, 
            "roc_auc": 0.9005467536755352, 
            "weighted_f1": 0.7058421901833788, 
            "accuracy": 0.8502548983477674
        }
    }, 
    "best_avg_scores": {
        "XGBClassifier": {
            "binary_f1": 0.6463326071169209, 
            "roc_auc": 0.8997175013659171, 
            "weighted_f1": 0.7074763397104418, 
            "accuracy": 0.8504391622136233
        }
    }
}