{
    "best_f1_scores": {
        "XGBClassifier": {
            "binary_f1": 0.6077694235588973, 
            "roc_auc": 0.8990148564527222, 
            "weighted_f1": 0.677828878201742, 
            "accuracy": 0.8462010932989374
        }
    }, 
    "best_weighted_scores": {
        "XGBClassifier": {
            "binary_f1": 0.6077694235588973, 
            "roc_auc": 0.8990148564527222, 
            "weighted_f1": 0.677828878201742, 
            "accuracy": 0.8462010932989374
        }
    }, 
    "best_auroc_scores": {
        "XGBClassifier": {
            "binary_f1": 0.5902755267423014, 
            "roc_auc": 0.9011811184148211, 
            "weighted_f1": 0.6644359009732932, 
            "accuracy": 0.8447269823720902
        }
    }, 
    "best_acc_scores": {
        "XGBClassifier": {
            "binary_f1": 0.5889088827089809, 
            "roc_auc": 0.8982445272881281, 
            "weighted_f1": 0.6635748289031453, 
            "accuracy": 0.8456483017013697
        }
    }, 
    "best_avg_scores": {
        "XGBClassifier": {
            "binary_f1": 0.6077694235588973, 
            "roc_auc": 0.8990148564527222, 
            "weighted_f1": 0.677828878201742, 
            "accuracy": 0.8462010932989374
        }
    }
}