,Column,Metric,Score
0,0,KSComplement,0.9850722439530614
1,1,KSComplement,0.9919906335648333
2,2,KSComplement,0.9897820707272291
3,3,KSComplement,0.9531944333572816
4,4,KSComplement,0.996381150049227
5,5,KSComplement,0.9930816103882281
6,6,KSComplement,0.9514382267635242
7,7,TVComplement,0.9952103456533887
8,8,TVComplement,0.9894361512466406
9,9,TVComplement,0.9393576541337378
10,10,TVComplement,0.9496021925973231
11,11,TVComplement,0.9954232191799047
