,Column,Metric,Score
0,0,KSComplement,0.9762113834118304
1,1,KSComplement,0.9915382773209866
2,2,KSComplement,0.9835555200766345
3,3,KSComplement,0.9581437428487799
4,4,KSComplement,0.9970197706287751
5,5,KSComplement,0.9948644261728
6,6,KSComplement,0.9470743194699449
7,7,TVComplement,0.9879194273702137
8,8,TVComplement,0.9695856948990181
9,9,TVComplement,0.9010936377424763
10,10,TVComplement,0.9260796679172987
11,11,TVComplement,0.9963279316675979
