,Column,Metric,Score
0,0,KSComplement,0.9879658838649376
1,1,KSComplement,0.9853954901273513
2,2,KSComplement,0.9923472368267321
3,3,KSComplement,0.9927561631031663
4,4,KSComplement,0.9922888187872415
5,5,KSComplement,0.9883748101413716
6,6,KSComplement,0.9890758266152587
7,7,KSComplement,0.9897768430891459
8,8,KSComplement,0.9928729991821474
9,9,KSComplement,0.9930482533006192
10,10,TVComplement,0.9993574015656035
