,Column,Metric,Score
0,0,KSComplement,0.9893679168127117
1,1,KSComplement,0.9879658838649374
2,2,KSComplement,0.9920551466292791
3,3,KSComplement,0.9922304007477509
4,4,KSComplement,0.9920551466292791
5,5,KSComplement,0.9933403434980722
6,6,KSComplement,0.9942166140904312
7,7,KSComplement,0.9908867858394672
8,8,KSComplement,0.9863301787592008
9,9,KSComplement,0.9926393270241851
10,10,TVComplement,0.9952681388012619
