{
    "best_f1_scores": {
        "XGBClassifier": {
            "binary_f1": 0.3933315013282037, 
            "roc_auc": 0.6360677655895943, 
            "weighted_f1": 0.4643613391441531, 
            "accuracy": 0.5932068054787789
        }
    }, 
    "best_weighted_scores": {
        "XGBClassifier": {
            "binary_f1": 0.31382137206961025, 
            "roc_auc": 0.6428252132095738, 
            "weighted_f1": 0.4319054393970474, 
            "accuracy": 0.7069590320004914
        }
    }, 
    "best_auroc_scores": {
        "XGBClassifier": {
            "binary_f1": 0.4404833836858006, 
            "roc_auc": 0.6381111786489957, 
            "weighted_f1": 0.4820874260762764, 
            "accuracy": 0.5449910939131503
        }
    }, 
    "best_acc_scores": {
        "XGBClassifier": {
            "binary_f1": 0.31382137206961025, 
            "roc_auc": 0.6428252132095738, 
            "weighted_f1": 0.4319054393970474, 
            "accuracy": 0.7069590320004914
        }
    }, 
    "best_avg_scores": {
        "XGBClassifier": {
            "binary_f1": 0.4404833836858006, 
            "roc_auc": 0.6381111786489957, 
            "weighted_f1": 0.4820874260762764, 
            "accuracy": 0.5449910939131503
        }
    }
}