{
    "best_f1_scores": {
        "XGBClassifier": {
            "binary_f1": 0.6169061968783804, 
            "roc_auc": 0.8985340515349605, 
            "weighted_f1": 0.6849583089886211, 
            "accuracy": 0.8477366255144033
        }
    }, 
    "best_weighted_scores": {
        "XGBClassifier": {
            "binary_f1": 0.6169061968783804, 
            "roc_auc": 0.8985340515349605, 
            "weighted_f1": 0.6849583089886211, 
            "accuracy": 0.8477366255144033
        }
    }, 
    "best_auroc_scores": {
        "XGBClassifier": {
            "binary_f1": 0.6262471220260937, 
            "roc_auc": 0.9038500619236671, 
            "weighted_f1": 0.6924537935476692, 
            "accuracy": 0.8504391622136233
        }
    }, 
    "best_acc_scores": {
        "XGBClassifier": {
            "binary_f1": 0.6028312390647368, 
            "roc_auc": 0.9028695341621465, 
            "weighted_f1": 0.6742035734751594, 
            "accuracy": 0.8466310423192679
        }
    }, 
    "best_avg_scores": {
        "XGBClassifier": {
            "binary_f1": 0.6188271604938271, 
            "roc_auc": 0.9001536225502096, 
            "weighted_f1": 0.6864992591790032, 
            "accuracy": 0.848289417111971
        }
    }
}