{
    "best_f1_scores": {
        "XGBClassifier": {
            "binary_f1": 0.6214837487246757, 
            "roc_auc": 0.8880854180689141, 
            "weighted_f1": 0.6870293589003167, 
            "accuracy": 0.8404889134574043
        }
    }, 
    "best_weighted_scores": {
        "XGBClassifier": {
            "binary_f1": 0.6214837487246757, 
            "roc_auc": 0.8880854180689141, 
            "weighted_f1": 0.6870293589003167, 
            "accuracy": 0.8404889134574043
        }
    }, 
    "best_auroc_scores": {
        "XGBClassifier": {
            "binary_f1": 0.6366950182260024, 
            "roc_auc": 0.9059496276111599, 
            "weighted_f1": 0.7007659788577341, 
            "accuracy": 0.8530802776242246
        }
    }, 
    "best_acc_scores": {
        "XGBClassifier": {
            "binary_f1": 0.6042772149863322, 
            "roc_auc": 0.9038882375560402, 
            "weighted_f1": 0.6756887448697512, 
            "accuracy": 0.8488422087095387
        }
    }, 
    "best_avg_scores": {
        "XGBClassifier": {
            "binary_f1": 0.62104940165695, 
            "roc_auc": 0.8984073552729, 
            "weighted_f1": 0.6881639078341893, 
            "accuracy": 0.848289417111971
        }
    }
}