{
    "best_f1_scores": {
        "XGBClassifier": {
            "binary_f1": 0.24571428571428572, 
            "roc_auc": 0.4767374748065918, 
            "weighted_f1": 0.36871168302556134, 
            "accuracy": 0.6432651557029666
        }
    }, 
    "best_weighted_scores": {
        "XGBClassifier": {
            "binary_f1": 0.14169538249483116, 
            "roc_auc": 0.400046063764545, 
            "weighted_f1": 0.2863240258032488, 
            "accuracy": 0.6175296357717585
        }
    }, 
    "best_auroc_scores": {
        "XGBClassifier": {
            "binary_f1": 0.14169538249483116, 
            "roc_auc": 0.400046063764545, 
            "weighted_f1": 0.2863240258032488, 
            "accuracy": 0.6175296357717585
        }
    }, 
    "best_acc_scores": {
        "XGBClassifier": {
            "binary_f1": 0.14169538249483116, 
            "roc_auc": 0.400046063764545, 
            "weighted_f1": 0.2863240258032488, 
            "accuracy": 0.6175296357717585
        }
    }, 
    "best_avg_scores": {
        "XGBClassifier": {
            "binary_f1": 0.24571428571428572, 
            "roc_auc": 0.4767374748065918, 
            "weighted_f1": 0.36871168302556134, 
            "accuracy": 0.6432651557029666
        }
    }
}