{
    "best_f1_scores": {
        "XGBClassifier": {
            "binary_f1": 0.3089855072463768, 
            "roc_auc": 0.5051770611234582, 
            "weighted_f1": 0.3961592343293403, 
            "accuracy": 0.5607149437995209
        }
    }, 
    "best_weighted_scores": {
        "XGBClassifier": {
            "binary_f1": 0.20545471823624442, 
            "roc_auc": 0.3689662793588543, 
            "weighted_f1": 0.30352933684864886, 
            "accuracy": 0.48645660585959094
        }
    }, 
    "best_auroc_scores": {
        "XGBClassifier": {
            "binary_f1": 0.3325393044306813, 
            "roc_auc": 0.5222921019776054, 
            "weighted_f1": 0.41522283835813556, 
            "accuracy": 0.5697438732264603
        }
    }, 
    "best_acc_scores": {
        "XGBClassifier": {
            "binary_f1": 0.20545471823624442, 
            "roc_auc": 0.3689662793588543, 
            "weighted_f1": 0.30352933684864886, 
            "accuracy": 0.48645660585959094
        }
    }, 
    "best_avg_scores": {
        "XGBClassifier": {
            "binary_f1": 0.20545471823624442, 
            "roc_auc": 0.3689662793588543, 
            "weighted_f1": 0.30352933684864886, 
            "accuracy": 0.48645660585959094
        }
    }
}