{
    "best_f1_scores": {
        "XGBClassifier": {
            "binary_f1": 0.37515927095451773, 
            "roc_auc": 0.5048415672051089, 
            "weighted_f1": 0.3391509016618893, 
            "accuracy": 0.30722928567041335
        }
    }, 
    "best_weighted_scores": {
        "XGBClassifier": {
            "binary_f1": 0.37515927095451773, 
            "roc_auc": 0.5048415672051089, 
            "weighted_f1": 0.3391509016618893, 
            "accuracy": 0.30722928567041335
        }
    }, 
    "best_auroc_scores": {
        "XGBClassifier": {
            "binary_f1": 0.38435596170583114, 
            "roc_auc": 0.5981532465962893, 
            "weighted_f1": 0.3412127791981036, 
            "accuracy": 0.3048338554142866
        }
    }, 
    "best_acc_scores": {
        "XGBClassifier": {
            "binary_f1": 0.37515927095451773, 
            "roc_auc": 0.5048415672051089, 
            "weighted_f1": 0.3391509016618893, 
            "accuracy": 0.30722928567041335
        }
    }, 
    "best_avg_scores": {
        "XGBClassifier": {
            "binary_f1": 0.37515927095451773, 
            "roc_auc": 0.5048415672051089, 
            "weighted_f1": 0.3391509016618893, 
            "accuracy": 0.30722928567041335
        }
    }
}