{
    "best_f1_scores": {
        "XGBClassifier": {
            "binary_f1": 0.3980244412081302, 
            "roc_auc": 0.6176717161167347, 
            "weighted_f1": 0.4063009982982686, 
            "accuracy": 0.41606780910263497
        }
    }, 
    "best_weighted_scores": {
        "XGBClassifier": {
            "binary_f1": 0.3980244412081302, 
            "roc_auc": 0.6176717161167347, 
            "weighted_f1": 0.4063009982982686, 
            "accuracy": 0.41606780910263497
        }
    }, 
    "best_auroc_scores": {
        "XGBClassifier": {
            "binary_f1": 0.40073719979266254, 
            "roc_auc": 0.6097096895536457, 
            "weighted_f1": 0.3805819695187846, 
            "accuracy": 0.36091149192310057
        }
    }, 
    "best_acc_scores": {
        "XGBClassifier": {
            "binary_f1": 0.3836965003901795, 
            "roc_auc": 0.5662116223289864, 
            "weighted_f1": 0.376775552585033, 
            "accuracy": 0.3693876297524722
        }
    }, 
    "best_avg_scores": {
        "XGBClassifier": {
            "binary_f1": 0.3980244412081302, 
            "roc_auc": 0.6176717161167347, 
            "weighted_f1": 0.4063009982982686, 
            "accuracy": 0.41606780910263497
        }
    }
}