{
    "best_f1_scores": {
        "XGBClassifier": {
            "binary_f1": 0.40095377842993396, 
            "roc_auc": 0.6297661202789084, 
            "weighted_f1": 0.39964398152055125, 
            "accuracy": 0.39819421411461214
        }
    }, 
    "best_weighted_scores": {
        "XGBClassifier": {
            "binary_f1": 0.40095377842993396, 
            "roc_auc": 0.6297661202789084, 
            "weighted_f1": 0.39964398152055125, 
            "accuracy": 0.39819421411461214
        }
    }, 
    "best_auroc_scores": {
        "XGBClassifier": {
            "binary_f1": 0.40095377842993396, 
            "roc_auc": 0.6297661202789084, 
            "weighted_f1": 0.39964398152055125, 
            "accuracy": 0.39819421411461214
        }
    }, 
    "best_acc_scores": {
        "XGBClassifier": {
            "binary_f1": 0.40095377842993396, 
            "roc_auc": 0.6297661202789084, 
            "weighted_f1": 0.39964398152055125, 
            "accuracy": 0.39819421411461214
        }
    }, 
    "best_avg_scores": {
        "XGBClassifier": {
            "binary_f1": 0.40095377842993396, 
            "roc_auc": 0.6297661202789084, 
            "weighted_f1": 0.39964398152055125, 
            "accuracy": 0.39819421411461214
        }
    }
}