,Column,Metric,Score
0,0,KSComplement,0.9821824979553686
1,1,KSComplement,0.9876153756279938
2,2,KSComplement,0.985862834443276
3,3,KSComplement,0.9898936791681271
4,4,KSComplement,0.9903610234840519
5,5,KSComplement,0.9852202360088795
6,6,KSComplement,0.9896600070101647
7,7,KSComplement,0.9923472368267321
8,8,KSComplement,0.9861549246407291
9,9,KSComplement,0.9895431709311835
10,10,TVComplement,0.99509288468279
