,Column,Metric,Score
0,0,KSComplement,0.9908867858394672
1,1,KSComplement,0.9912957121159014
2,2,KSComplement,0.9940413599719593
3,3,KSComplement,0.9914125481948827
4,4,KSComplement,0.9928145811426569
5,5,KSComplement,0.9918798925108073
6,6,KSComplement,0.9937492697745064
7,7,KSComplement,0.9912372940764107
8,8,KSComplement,0.9924056548662227
9,9,KSComplement,0.9919383105502979
10,10,TVComplement,0.9970790980254702
