{
    "best_f1_scores": {
        "XGBClassifier": {
            "binary_f1": 0.7100893997445722, 
            "roc_auc": 0.9270112698355943, 
            "weighted_f1": 0.7596591341485432, 
            "accuracy": 0.8745163073521283
        }
    }, 
    "best_weighted_scores": {
        "XGBClassifier": {
            "binary_f1": 0.7100893997445722, 
            "roc_auc": 0.9270112698355943, 
            "weighted_f1": 0.7596591341485432, 
            "accuracy": 0.8745163073521283
        }
    }, 
    "best_auroc_scores": {
        "XGBClassifier": {
            "binary_f1": 0.7118500774975342, 
            "roc_auc": 0.9275512069939975, 
            "weighted_f1": 0.7609482017833158, 
            "accuracy": 0.874393464774891
        }
    }, 
    "best_acc_scores": {
        "XGBClassifier": {
            "binary_f1": 0.7100893997445722, 
            "roc_auc": 0.9270112698355943, 
            "weighted_f1": 0.7596591341485432, 
            "accuracy": 0.8745163073521283
        }
    }, 
    "best_avg_scores": {
        "XGBClassifier": {
            "binary_f1": 0.7100893997445722, 
            "roc_auc": 0.9270112698355943, 
            "weighted_f1": 0.7596591341485432, 
            "accuracy": 0.8745163073521283
        }
    }
}