{
    "best_f1_scores": {
        "XGBClassifier": {
            "binary_f1": 0.3821732001788642, 
            "roc_auc": 0.635701477114171, 
            "weighted_f1": 0.29189384830318627, 
            "accuracy": 0.23622627602727106
        }
    }, 
    "best_weighted_scores": {
        "XGBClassifier": {
            "binary_f1": 0.38220233656475266, 
            "roc_auc": 0.5774866016755669, 
            "weighted_f1": 0.29229567333362283, 
            "accuracy": 0.23671764633622014
        }
    }, 
    "best_auroc_scores": {
        "XGBClassifier": {
            "binary_f1": 0.38223017292784733, 
            "roc_auc": 0.7013980237536803, 
            "weighted_f1": 0.2920513164152995, 
            "accuracy": 0.23641053989312696
        }
    }, 
    "best_acc_scores": {
        "XGBClassifier": {
            "binary_f1": 0.3821732001788642, 
            "roc_auc": 0.635701477114171, 
            "weighted_f1": 0.29189384830318627, 
            "accuracy": 0.23622627602727106
        }
    }, 
    "best_avg_scores": {
        "XGBClassifier": {
            "binary_f1": 0.38220233656475266, 
            "roc_auc": 0.5774866016755669, 
            "weighted_f1": 0.29229567333362283, 
            "accuracy": 0.23671764633622014
        }
    }
}