{
    "best_f1_scores": {
        "XGBClassifier": {
            "binary_f1": 0.6573775300674685, 
            "roc_auc": 0.9073518019128484, 
            "weighted_f1": 0.7168788848344675, 
            "accuracy": 0.8565198697868681
        }
    }, 
    "best_weighted_scores": {
        "XGBClassifier": {
            "binary_f1": 0.6573775300674685, 
            "roc_auc": 0.9073518019128484, 
            "weighted_f1": 0.7168788848344675, 
            "accuracy": 0.8565198697868681
        }
    }, 
    "best_auroc_scores": {
        "XGBClassifier": {
            "binary_f1": 0.658077891307567, 
            "roc_auc": 0.9090238454733204, 
            "weighted_f1": 0.7177149139496011, 
            "accuracy": 0.8581782445795713
        }
    }, 
    "best_acc_scores": {
        "XGBClassifier": {
            "binary_f1": 0.6573775300674685, 
            "roc_auc": 0.9073518019128484, 
            "weighted_f1": 0.7168788848344675, 
            "accuracy": 0.8565198697868681
        }
    }, 
    "best_avg_scores": {
        "XGBClassifier": {
            "binary_f1": 0.6573775300674685, 
            "roc_auc": 0.9073518019128484, 
            "weighted_f1": 0.7168788848344675, 
            "accuracy": 0.8565198697868681
        }
    }
}