{
    "best_f1_scores": {
        "XGBClassifier": {
            "binary_f1": 0.6489472898312677, 
            "roc_auc": 0.908145842520472, 
            "weighted_f1": 0.7104033693494451, 
            "accuracy": 0.8555985504575886
        }
    }, 
    "best_weighted_scores": {
        "XGBClassifier": {
            "binary_f1": 0.6489472898312677, 
            "roc_auc": 0.908145842520472, 
            "weighted_f1": 0.7104033693494451, 
            "accuracy": 0.8555985504575886
        }
    }, 
    "best_auroc_scores": {
        "XGBClassifier": {
            "binary_f1": 0.6434027257750486, 
            "roc_auc": 0.9081004060427798, 
            "weighted_f1": 0.7059113874283791, 
            "accuracy": 0.8537559117990295
        }
    }, 
    "best_acc_scores": {
        "XGBClassifier": {
            "binary_f1": 0.6449297038588094, 
            "roc_auc": 0.9087069976566654, 
            "weighted_f1": 0.7071339997059479, 
            "accuracy": 0.85418586081936
        }
    }, 
    "best_avg_scores": {
        "XGBClassifier": {
            "binary_f1": 0.6489472898312677, 
            "roc_auc": 0.908145842520472, 
            "weighted_f1": 0.7104033693494451, 
            "accuracy": 0.8555985504575886
        }
    }
}