{
    "best_f1_scores": {
        "XGBClassifier": {
            "binary_f1": 0.6581640219486875, 
            "roc_auc": 0.9104060354613622, 
            "weighted_f1": 0.7178254809782773, 
            "accuracy": 0.8584239297340458
        }
    }, 
    "best_weighted_scores": {
        "XGBClassifier": {
            "binary_f1": 0.6581640219486875, 
            "roc_auc": 0.9104060354613622, 
            "weighted_f1": 0.7178254809782773, 
            "accuracy": 0.8584239297340458
        }
    }, 
    "best_auroc_scores": {
        "XGBClassifier": {
            "binary_f1": 0.6581640219486875, 
            "roc_auc": 0.9104060354613622, 
            "weighted_f1": 0.7178254809782773, 
            "accuracy": 0.8584239297340458
        }
    }, 
    "best_acc_scores": {
        "XGBClassifier": {
            "binary_f1": 0.6581640219486875, 
            "roc_auc": 0.9104060354613622, 
            "weighted_f1": 0.7178254809782773, 
            "accuracy": 0.8584239297340458
        }
    }, 
    "best_avg_scores": {
        "XGBClassifier": {
            "binary_f1": 0.6581640219486875, 
            "roc_auc": 0.9104060354613622, 
            "weighted_f1": 0.7178254809782773, 
            "accuracy": 0.8584239297340458
        }
    }
}