{
    "best_f1_scores": {
        "XGBClassifier": {
            "binary_f1": 0.6603345619506663, 
            "roc_auc": 0.9045302708770997, 
            "weighted_f1": 0.7183834185741881, 
            "accuracy": 0.85283459246975
        }
    }, 
    "best_weighted_scores": {
        "XGBClassifier": {
            "binary_f1": 0.6631428571428571, 
            "roc_auc": 0.9068863550681956, 
            "weighted_f1": 0.7209263648931323, 
            "accuracy": 0.8551686014372581
        }
    }, 
    "best_auroc_scores": {
        "XGBClassifier": {
            "binary_f1": 0.6631428571428571, 
            "roc_auc": 0.9068863550681956, 
            "weighted_f1": 0.7209263648931323, 
            "accuracy": 0.8551686014372581
        }
    }, 
    "best_acc_scores": {
        "XGBClassifier": {
            "binary_f1": 0.6490842490842491, 
            "roc_auc": 0.9057287390007864, 
            "weighted_f1": 0.7099973350644849, 
            "accuracy": 0.8528960137583687
        }
    }, 
    "best_avg_scores": {
        "XGBClassifier": {
            "binary_f1": 0.6631428571428571, 
            "roc_auc": 0.9068863550681956, 
            "weighted_f1": 0.7209263648931323, 
            "accuracy": 0.8551686014372581
        }
    }
}