{
    "best_f1_scores": {
        "XGBClassifier": {
            "binary_f1": 0.6389633601429848, 
            "roc_auc": 0.9031534023725243, 
            "weighted_f1": 0.7020966334175109, 
            "accuracy": 0.8511147963884282
        }
    }, 
    "best_weighted_scores": {
        "XGBClassifier": {
            "binary_f1": 0.6389633601429848, 
            "roc_auc": 0.9031534023725243, 
            "weighted_f1": 0.7020966334175109, 
            "accuracy": 0.8511147963884282
        }
    }, 
    "best_auroc_scores": {
        "XGBClassifier": {
            "binary_f1": 0.6513693560325685, 
            "roc_auc": 0.9087997995191218, 
            "weighted_f1": 0.7121684087434236, 
            "accuracy": 0.855352865303114
        }
    }, 
    "best_acc_scores": {
        "XGBClassifier": {
            "binary_f1": 0.627370417193426, 
            "roc_auc": 0.9068857696004664, 
            "weighted_f1": 0.6941625050642637, 
            "accuracy": 0.8551686014372581
        }
    }, 
    "best_avg_scores": {
        "XGBClassifier": {
            "binary_f1": 0.6513693560325685, 
            "roc_auc": 0.9087997995191218, 
            "weighted_f1": 0.7121684087434236, 
            "accuracy": 0.855352865303114
        }
    }
}