{
    "best_f1_scores": {
        "XGBClassifier": {
            "binary_f1": 0.7075498175694639, 
            "roc_auc": 0.9275210501785572, 
            "weighted_f1": 0.7572799514259672, 
            "accuracy": 0.8719980345187642
        }
    }, 
    "best_weighted_scores": {
        "XGBClassifier": {
            "binary_f1": 0.7075498175694639, 
            "roc_auc": 0.9275210501785572, 
            "weighted_f1": 0.7572799514259672, 
            "accuracy": 0.8719980345187642
        }
    }, 
    "best_auroc_scores": {
        "XGBClassifier": {
            "binary_f1": 0.7075498175694639, 
            "roc_auc": 0.9275210501785572, 
            "weighted_f1": 0.7572799514259672, 
            "accuracy": 0.8719980345187642
        }
    }, 
    "best_acc_scores": {
        "XGBClassifier": {
            "binary_f1": 0.7075498175694639, 
            "roc_auc": 0.9275210501785572, 
            "weighted_f1": 0.7572799514259672, 
            "accuracy": 0.8719980345187642
        }
    }, 
    "best_avg_scores": {
        "XGBClassifier": {
            "binary_f1": 0.7075498175694639, 
            "roc_auc": 0.9275210501785572, 
            "weighted_f1": 0.7572799514259672, 
            "accuracy": 0.8719980345187642
        }
    }
}