{
    "best_f1_scores": {
        "XGBClassifier": {
            "binary_f1": 0.3821732001788642, 
            "roc_auc": 0.784124122504104, 
            "weighted_f1": 0.29189384830318627, 
            "accuracy": 0.23622627602727106
        }
    }, 
    "best_weighted_scores": {
        "XGBClassifier": {
            "binary_f1": 0.3824744834453572, 
            "roc_auc": 0.7220869269028903, 
            "weighted_f1": 0.29352499800861975, 
            "accuracy": 0.23819175726306738
        }
    }, 
    "best_auroc_scores": {
        "XGBClassifier": {
            "binary_f1": 0.3821732001788642, 
            "roc_auc": 0.7687468021438992, 
            "weighted_f1": 0.29189384830318627, 
            "accuracy": 0.23622627602727106
        }
    }, 
    "best_acc_scores": {
        "XGBClassifier": {
            "binary_f1": 0.3821732001788642, 
            "roc_auc": 0.784124122504104, 
            "weighted_f1": 0.29189384830318627, 
            "accuracy": 0.23622627602727106
        }
    }, 
    "best_avg_scores": {
        "XGBClassifier": {
            "binary_f1": 0.382508217949995, 
            "roc_auc": 0.7140258935648942, 
            "weighted_f1": 0.29377704582218545, 
            "accuracy": 0.23849886370616055
        }
    }
}