{
    "best_f1_scores": {
        "XGBClassifier": {
            "binary_f1": 0.5084367799003939, 
            "roc_auc": 0.7509166438229704, 
            "weighted_f1": 0.5428067397240102, 
            "accuracy": 0.5938210183649653
        }
    }, 
    "best_weighted_scores": {
        "XGBClassifier": {
            "binary_f1": 0.5084367799003939, 
            "roc_auc": 0.7509166438229704, 
            "weighted_f1": 0.5428067397240102, 
            "accuracy": 0.5938210183649653
        }
    }, 
    "best_auroc_scores": {
        "XGBClassifier": {
            "binary_f1": 0.5155284020656048, 
            "roc_auc": 0.7814562506102978, 
            "weighted_f1": 0.5463341790323865, 
            "accuracy": 0.5908727965112708
        }
    }, 
    "best_acc_scores": {
        "XGBClassifier": {
            "binary_f1": 0.5155284020656048, 
            "roc_auc": 0.7814562506102978, 
            "weighted_f1": 0.5463341790323865, 
            "accuracy": 0.5908727965112708
        }
    }, 
    "best_avg_scores": {
        "XGBClassifier": {
            "binary_f1": 0.5084367799003939, 
            "roc_auc": 0.7509166438229704, 
            "weighted_f1": 0.5428067397240102, 
            "accuracy": 0.5938210183649653
        }
    }
}