{
    "best_f1_scores": {
        "XGBClassifier": {
            "binary_f1": 0.15594681997844054, 
            "roc_auc": 0.4322559472543759, 
            "weighted_f1": 0.28658259110954687, 
            "accuracy": 0.5671641791044776
        }
    }, 
    "best_weighted_scores": {
        "XGBClassifier": {
            "binary_f1": 0.13530604939744661, 
            "roc_auc": 0.3665159923646645, 
            "weighted_f1": 0.26877291277346804, 
            "accuracy": 0.5548799213807506
        }
    }, 
    "best_auroc_scores": {
        "XGBClassifier": {
            "binary_f1": 0.13530604939744661, 
            "roc_auc": 0.3665159923646645, 
            "weighted_f1": 0.26877291277346804, 
            "accuracy": 0.5548799213807506
        }
    }, 
    "best_acc_scores": {
        "XGBClassifier": {
            "binary_f1": 0.13530604939744661, 
            "roc_auc": 0.3665159923646645, 
            "weighted_f1": 0.26877291277346804, 
            "accuracy": 0.5548799213807506
        }
    }, 
    "best_avg_scores": {
        "XGBClassifier": {
            "binary_f1": 0.15594681997844054, 
            "roc_auc": 0.4322559472543759, 
            "weighted_f1": 0.28658259110954687, 
            "accuracy": 0.5671641791044776
        }
    }
}