{
    "best_f1_scores": {
        "XGBClassifier": {
            "binary_f1": 0.38750126403074125, 
            "roc_auc": 0.8000483010876527, 
            "weighted_f1": 0.30834372816456596, 
            "accuracy": 0.25594250967385296
        }
    }, 
    "best_weighted_scores": {
        "XGBClassifier": {
            "binary_f1": 0.388299484692331, 
            "roc_auc": 0.7808953307066742, 
            "weighted_f1": 0.30878388815960806, 
            "accuracy": 0.25631103740556477
        }
    }, 
    "best_auroc_scores": {
        "XGBClassifier": {
            "binary_f1": 0.39663586335790674, 
            "roc_auc": 0.8128783454514699, 
            "weighted_f1": 0.33274363622054526, 
            "accuracy": 0.28616178367422146
        }
    }, 
    "best_acc_scores": {
        "XGBClassifier": {
            "binary_f1": 0.38750126403074125, 
            "roc_auc": 0.8000483010876527, 
            "weighted_f1": 0.30834372816456596, 
            "accuracy": 0.25594250967385296
        }
    }, 
    "best_avg_scores": {
        "XGBClassifier": {
            "binary_f1": 0.39288460552622134, 
            "roc_auc": 0.8147182718832677, 
            "weighted_f1": 0.3220057116396157, 
            "accuracy": 0.2725876788895031
        }
    }
}