{
    "best_f1_scores": {
        "XGBClassifier": {
            "binary_f1": 0.5472500759647524, 
            "roc_auc": 0.8227793993142919, 
            "weighted_f1": 0.6271054959245903, 
            "accuracy": 0.816964559916467
        }
    }, 
    "best_weighted_scores": {
        "XGBClassifier": {
            "binary_f1": 0.524822695035461, 
            "roc_auc": 0.8487821643947383, 
            "weighted_f1": 0.6113892834847646, 
            "accuracy": 0.823045267489712
        }
    }, 
    "best_auroc_scores": {
        "XGBClassifier": {
            "binary_f1": 0.43685616177031666, 
            "roc_auc": 0.8459632000076946, 
            "weighted_f1": 0.5443606445667192, 
            "accuracy": 0.8186843559977889
        }
    }, 
    "best_acc_scores": {
        "XGBClassifier": {
            "binary_f1": 0.5371036286368094, 
            "roc_auc": 0.837542558799256, 
            "weighted_f1": 0.6211534418688166, 
            "accuracy": 0.8260549106320251
        }
    }, 
    "best_avg_scores": {
        "XGBClassifier": {
            "binary_f1": 0.524822695035461, 
            "roc_auc": 0.8487821643947383, 
            "weighted_f1": 0.6113892834847646, 
            "accuracy": 0.823045267489712
        }
    }
}