,Column,Metric,Score
0,0,KSComplement,0.9992017242755648
1,1,KSComplement,0.9986961496500891
2,2,KSComplement,0.9982970117878714
3,3,KSComplement,0.998163965833799
4,4,KSComplement,0.998376839360315
5,5,KSComplement,0.9988025864133472
6,6,KSComplement,0.9985631036960166
7,7,TVComplement,1.0
8,8,TVComplement,1.0
9,9,TVComplement,1.0
10,10,TVComplement,1.0
11,11,TVComplement,1.0
