,Column,Metric,Score
0,0,KSComplement,0.9824745881528215
1,1,KSComplement,0.9881411379834092
2,2,KSComplement,0.9903026054445613
3,3,KSComplement,0.9908283677999766
4,4,KSComplement,0.990068933286599
5,5,KSComplement,0.9881411379834093
6,6,KSComplement,0.9907115317209955
7,7,KSComplement,0.9914709662343731
8,8,KSComplement,0.9894263348522023
9,9,KSComplement,0.9888421544572964
10,10,TVComplement,0.9949176305643183
