{
    "best_f1_scores": {
        "XGBClassifier": {
            "binary_f1": 0.010523798134417603, 
            "roc_auc": 0.5583821101135159, 
            "weighted_f1": 0.2098301910346121, 
            "accuracy": 0.7459001289847061
        }
    }, 
    "best_weighted_scores": {
        "XGBClassifier": {
            "binary_f1": 0.010523798134417603, 
            "roc_auc": 0.5583821101135159, 
            "weighted_f1": 0.2098301910346121, 
            "accuracy": 0.7459001289847061
        }
    }, 
    "best_auroc_scores": {
        "XGBClassifier": {
            "binary_f1": 0.0, 
            "roc_auc": 0.5227006486773342, 
            "weighted_f1": 0.20458794695633903, 
            "accuracy": 0.7637737239727289
        }
    }, 
    "best_acc_scores": {
        "XGBClassifier": {
            "binary_f1": 0.008697876694806856, 
            "roc_auc": 0.5926973041929318, 
            "weighted_f1": 0.21092250564298665, 
            "accuracy": 0.7619925066027885
        }
    }, 
    "best_avg_scores": {
        "XGBClassifier": {
            "binary_f1": 0.0, 
            "roc_auc": 0.4106628153344871, 
            "weighted_f1": 0.2044105964494266, 
            "accuracy": 0.7626067194889748
        }
    }
}