{
    "best_f1_scores": {
        "XGBClassifier": {
            "binary_f1": 0.6584151372883768, 
            "roc_auc": 0.9062276725085892, 
            "weighted_f1": 0.7168928792887234, 
            "accuracy": 0.8525274860266568
        }
    }, 
    "best_weighted_scores": {
        "XGBClassifier": {
            "binary_f1": 0.650080491731304, 
            "roc_auc": 0.9029740453791855, 
            "weighted_f1": 0.7107881292469633, 
            "accuracy": 0.8531416989128432
        }
    }, 
    "best_auroc_scores": {
        "XGBClassifier": {
            "binary_f1": 0.6337127709340402, 
            "roc_auc": 0.9084627792027644, 
            "weighted_f1": 0.6990189134710107, 
            "accuracy": 0.8557213930348259
        }
    }, 
    "best_acc_scores": {
        "XGBClassifier": {
            "binary_f1": 0.650080491731304, 
            "roc_auc": 0.9029740453791855, 
            "weighted_f1": 0.7107881292469633, 
            "accuracy": 0.8531416989128432
        }
    }, 
    "best_avg_scores": {
        "XGBClassifier": {
            "binary_f1": 0.650080491731304, 
            "roc_auc": 0.9029740453791855, 
            "weighted_f1": 0.7107881292469633, 
            "accuracy": 0.8531416989128432
        }
    }
}