{
    "best_f1_scores": {
        "XGBClassifier": {
            "binary_f1": 0.0, 
            "roc_auc": 0.5, 
            "weighted_f1": 0.20458794695633903, 
            "accuracy": 0.7637737239727289
        }
    }, 
    "best_weighted_scores": {
        "XGBClassifier": {
            "binary_f1": 0.0, 
            "roc_auc": 0.5, 
            "weighted_f1": 0.20458794695633903, 
            "accuracy": 0.7637737239727289
        }
    }, 
    "best_auroc_scores": {
        "XGBClassifier": {
            "binary_f1": 0.0, 
            "roc_auc": 0.5, 
            "weighted_f1": 0.20458794695633903, 
            "accuracy": 0.7637737239727289
        }
    }, 
    "best_acc_scores": {
        "XGBClassifier": {
            "binary_f1": 0.0, 
            "roc_auc": 0.5, 
            "weighted_f1": 0.20458794695633903, 
            "accuracy": 0.7637737239727289
        }
    }, 
    "best_avg_scores": {
        "XGBClassifier": {
            "binary_f1": 0.0, 
            "roc_auc": 0.5, 
            "weighted_f1": 0.20458794695633903, 
            "accuracy": 0.7637737239727289
        }
    }
}