{
    "best_f1_scores": {
        "XGBClassifier": {
            "binary_f1": 0.027472527472527472, 
            "roc_auc": 0.556629282461206, 
            "weighted_f1": 0.22499865258566332, 
            "accuracy": 0.7608255021190344
        }
    }, 
    "best_weighted_scores": {
        "XGBClassifier": {
            "binary_f1": 0.027472527472527472, 
            "roc_auc": 0.556629282461206, 
            "weighted_f1": 0.22499865258566332, 
            "accuracy": 0.7608255021190344
        }
    }, 
    "best_auroc_scores": {
        "XGBClassifier": {
            "binary_f1": 0.027472527472527472, 
            "roc_auc": 0.556629282461206, 
            "weighted_f1": 0.22499865258566332, 
            "accuracy": 0.7608255021190344
        }
    }, 
    "best_acc_scores": {
        "XGBClassifier": {
            "binary_f1": 0.027472527472527472, 
            "roc_auc": 0.556629282461206, 
            "weighted_f1": 0.22499865258566332, 
            "accuracy": 0.7608255021190344
        }
    }, 
    "best_avg_scores": {
        "XGBClassifier": {
            "binary_f1": 0.027472527472527472, 
            "roc_auc": 0.556629282461206, 
            "weighted_f1": 0.22499865258566332, 
            "accuracy": 0.7608255021190344
        }
    }
}