{
    "best_f1_scores": {
        "XGBClassifier": {
            "binary_f1": 0.4820722962095712, 
            "roc_auc": 0.7939215956253851, 
            "weighted_f1": 0.5719277245524899, 
            "accuracy": 0.78263005957865
        }
    }, 
    "best_weighted_scores": {
        "XGBClassifier": {
            "binary_f1": 0.4820722962095712, 
            "roc_auc": 0.7939215956253851, 
            "weighted_f1": 0.5719277245524899, 
            "accuracy": 0.78263005957865
        }
    }, 
    "best_auroc_scores": {
        "XGBClassifier": {
            "binary_f1": 0.28357570573139435, 
            "roc_auc": 0.8251507422580779, 
            "weighted_f1": 0.42443562189475226, 
            "accuracy": 0.7942386831275721
        }
    }, 
    "best_acc_scores": {
        "XGBClassifier": {
            "binary_f1": 0.3018159048215404, 
            "roc_auc": 0.8211331215612918, 
            "weighted_f1": 0.4382920228399866, 
            "accuracy": 0.7945457895706652
        }
    }, 
    "best_avg_scores": {
        "XGBClassifier": {
            "binary_f1": 0.4820722962095712, 
            "roc_auc": 0.7939215956253851, 
            "weighted_f1": 0.5719277245524899, 
            "accuracy": 0.78263005957865
        }
    }
}