{
    "best_f1_scores": {
        "XGBClassifier": {
            "binary_f1": 0.30910871694417236, 
            "roc_auc": 0.7825188379469236, 
            "weighted_f1": 0.44197085039535267, 
            "accuracy": 0.7833671150420736
        }
    }, 
    "best_weighted_scores": {
        "XGBClassifier": {
            "binary_f1": 0.30910871694417236, 
            "roc_auc": 0.7825188379469236, 
            "weighted_f1": 0.44197085039535267, 
            "accuracy": 0.7833671150420736
        }
    }, 
    "best_auroc_scores": {
        "XGBClassifier": {
            "binary_f1": 0.11027447170269614, 
            "roc_auc": 0.7940833310855555, 
            "weighted_f1": 0.2900310217286084, 
            "accuracy": 0.7750138197899392
        }
    }, 
    "best_acc_scores": {
        "XGBClassifier": {
            "binary_f1": 0.13036184998801822, 
            "roc_auc": 0.8012694299488907, 
            "weighted_f1": 0.3055961427946064, 
            "accuracy": 0.7771021436029728
        }
    }, 
    "best_avg_scores": {
        "XGBClassifier": {
            "binary_f1": 0.13036184998801822, 
            "roc_auc": 0.8012694299488907, 
            "weighted_f1": 0.3055961427946064, 
            "accuracy": 0.7771021436029728
        }
    }
}