{
    "best_f1_scores": {
        "XGBClassifier": {
            "binary_f1": 0.5423680046036542, 
            "roc_auc": 0.8180458195408635, 
            "weighted_f1": 0.6211323535358784, 
            "accuracy": 0.8046188809041214
        }
    }, 
    "best_weighted_scores": {
        "XGBClassifier": {
            "binary_f1": 0.5423680046036542, 
            "roc_auc": 0.8180458195408635, 
            "weighted_f1": 0.6211323535358784, 
            "accuracy": 0.8046188809041214
        }
    }, 
    "best_auroc_scores": {
        "XGBClassifier": {
            "binary_f1": 0.3816, 
            "roc_auc": 0.8391226786988648, 
            "weighted_f1": 0.5011816526031259, 
            "accuracy": 0.8100853755911799
        }
    }, 
    "best_acc_scores": {
        "XGBClassifier": {
            "binary_f1": 0.3788546255506608, 
            "roc_auc": 0.8447084903902791, 
            "weighted_f1": 0.4990048868605537, 
            "accuracy": 0.8094711627049935
        }
    }, 
    "best_avg_scores": {
        "XGBClassifier": {
            "binary_f1": 0.49018603857313536, 
            "roc_auc": 0.853908817792197, 
            "weighted_f1": 0.5841931995029382, 
            "accuracy": 0.8165346108961365
        }
    }
}