{
    "best_f1_scores": {
        "XGBClassifier": {
            "binary_f1": 0.44321124676285606, 
            "roc_auc": 0.8425124009383376, 
            "weighted_f1": 0.5485558081200492, 
            "accuracy": 0.8151219212579079
        }
    }, 
    "best_weighted_scores": {
        "XGBClassifier": {
            "binary_f1": 0.44321124676285606, 
            "roc_auc": 0.8425124009383376, 
            "weighted_f1": 0.5485558081200492, 
            "accuracy": 0.8151219212579079
        }
    }, 
    "best_auroc_scores": {
        "XGBClassifier": {
            "binary_f1": 0.5091205211726384, 
            "roc_auc": 0.8088376667354591, 
            "weighted_f1": 0.5981324415135542, 
            "accuracy": 0.8148762361034334
        }
    }, 
    "best_acc_scores": {
        "XGBClassifier": {
            "binary_f1": 0.44321124676285606, 
            "roc_auc": 0.8425124009383376, 
            "weighted_f1": 0.5485558081200492, 
            "accuracy": 0.8151219212579079
        }
    }, 
    "best_avg_scores": {
        "XGBClassifier": {
            "binary_f1": 0.44321124676285606, 
            "roc_auc": 0.8425124009383376, 
            "weighted_f1": 0.5485558081200492, 
            "accuracy": 0.8151219212579079
        }
    }
}