{
    "best_f1_scores": {
        "XGBClassifier": {
            "binary_f1": 0.6536908881199539, 
            "roc_auc": 0.9063362035888753, 
            "weighted_f1": 0.7133560195702897, 
            "accuracy": 0.8524660647380382
        }
    }, 
    "best_weighted_scores": {
        "XGBClassifier": {
            "binary_f1": 0.6536908881199539, 
            "roc_auc": 0.9063362035888753, 
            "weighted_f1": 0.7133560195702897, 
            "accuracy": 0.8524660647380382
        }
    }, 
    "best_auroc_scores": {
        "XGBClassifier": {
            "binary_f1": 0.6557046011827492, 
            "roc_auc": 0.9063627273679606, 
            "weighted_f1": 0.715034889760068, 
            "accuracy": 0.8533873840673177
        }
    }, 
    "best_acc_scores": {
        "XGBClassifier": {
            "binary_f1": 0.6562901613594174, 
            "roc_auc": 0.9042824559785769, 
            "weighted_f1": 0.7152370210185621, 
            "accuracy": 0.852158958294945
        }
    }, 
    "best_avg_scores": {
        "XGBClassifier": {
            "binary_f1": 0.6536908881199539, 
            "roc_auc": 0.9063362035888753, 
            "weighted_f1": 0.7133560195702897, 
            "accuracy": 0.8524660647380382
        }
    }
}