{
    "best_f1_scores": {
        "XGBClassifier": {
            "binary_f1": 0.6687455705173636, 
            "roc_auc": 0.9076233648461338, 
            "weighted_f1": 0.7253530687503575, 
            "accuracy": 0.8564584484982495
        }
    }, 
    "best_weighted_scores": {
        "XGBClassifier": {
            "binary_f1": 0.6687455705173636, 
            "roc_auc": 0.9076233648461338, 
            "weighted_f1": 0.7253530687503575, 
            "accuracy": 0.8564584484982495
        }
    }, 
    "best_auroc_scores": {
        "XGBClassifier": {
            "binary_f1": 0.6687455705173636, 
            "roc_auc": 0.9076233648461338, 
            "weighted_f1": 0.7253530687503575, 
            "accuracy": 0.8564584484982495
        }
    }, 
    "best_acc_scores": {
        "XGBClassifier": {
            "binary_f1": 0.6659139026111504, 
            "roc_auc": 0.9063122516858857, 
            "weighted_f1": 0.7228866651185857, 
            "accuracy": 0.8546158098396904
        }
    }, 
    "best_avg_scores": {
        "XGBClassifier": {
            "binary_f1": 0.6687455705173636, 
            "roc_auc": 0.9076233648461338, 
            "weighted_f1": 0.7253530687503575, 
            "accuracy": 0.8564584484982495
        }
    }
}