{
    "best_f1_scores": {
        "XGBClassifier": {
            "binary_f1": 0.6591076424679723, 
            "roc_auc": 0.9092933174504303, 
            "weighted_f1": 0.7184152500939895, 
            "accuracy": 0.8578097168478594
        }
    }, 
    "best_weighted_scores": {
        "XGBClassifier": {
            "binary_f1": 0.6591076424679723, 
            "roc_auc": 0.9092933174504303, 
            "weighted_f1": 0.7184152500939895, 
            "accuracy": 0.8578097168478594
        }
    }, 
    "best_auroc_scores": {
        "XGBClassifier": {
            "binary_f1": 0.6554720871998821, 
            "roc_auc": 0.9074319848547863, 
            "weighted_f1": 0.7154201796222983, 
            "accuracy": 0.8563356059210122
        }
    }, 
    "best_acc_scores": {
        "XGBClassifier": {
            "binary_f1": 0.6591076424679723, 
            "roc_auc": 0.9092933174504303, 
            "weighted_f1": 0.7184152500939895, 
            "accuracy": 0.8578097168478594
        }
    }, 
    "best_avg_scores": {
        "XGBClassifier": {
            "binary_f1": 0.6591076424679723, 
            "roc_auc": 0.9092933174504303, 
            "weighted_f1": 0.7184152500939895, 
            "accuracy": 0.8578097168478594
        }
    }
}