{
    "best_f1_scores": {
        "XGBClassifier": {
            "binary_f1": 0.6485126535444724, 
            "roc_auc": 0.9009961524315415, 
            "weighted_f1": 0.7098017780477229, 
            "accuracy": 0.8541244395307414
        }
    }, 
    "best_weighted_scores": {
        "XGBClassifier": {
            "binary_f1": 0.6485126535444724, 
            "roc_auc": 0.9009961524315415, 
            "weighted_f1": 0.7098017780477229, 
            "accuracy": 0.8541244395307414
        }
    }, 
    "best_auroc_scores": {
        "XGBClassifier": {
            "binary_f1": 0.6483300589390962, 
            "roc_auc": 0.9083423662640113, 
            "weighted_f1": 0.7102166689992062, 
            "accuracy": 0.8570726613844358
        }
    }, 
    "best_acc_scores": {
        "XGBClassifier": {
            "binary_f1": 0.6497840011917175, 
            "roc_auc": 0.903999502561526, 
            "weighted_f1": 0.7110291369011484, 
            "accuracy": 0.8555985504575886
        }
    }, 
    "best_avg_scores": {
        "XGBClassifier": {
            "binary_f1": 0.6497840011917175, 
            "roc_auc": 0.903999502561526, 
            "weighted_f1": 0.7110291369011484, 
            "accuracy": 0.8555985504575886
        }
    }
}