{
    "best_f1_scores": {
        "XGBClassifier": {
            "binary_f1": 0.66483038561902, 
            "roc_auc": 0.9091705783229318, 
            "weighted_f1": 0.7227252723657625, 
            "accuracy": 0.8579939807137154
        }
    }, 
    "best_weighted_scores": {
        "XGBClassifier": {
            "binary_f1": 0.66483038561902, 
            "roc_auc": 0.9091705783229318, 
            "weighted_f1": 0.7227252723657625, 
            "accuracy": 0.8579939807137154
        }
    }, 
    "best_auroc_scores": {
        "XGBClassifier": {
            "binary_f1": 0.6596797671033479, 
            "roc_auc": 0.9079443788929684, 
            "weighted_f1": 0.7185754998114877, 
            "accuracy": 0.8563970272096308
        }
    }, 
    "best_acc_scores": {
        "XGBClassifier": {
            "binary_f1": 0.66483038561902, 
            "roc_auc": 0.9091705783229318, 
            "weighted_f1": 0.7227252723657625, 
            "accuracy": 0.8579939807137154
        }
    }, 
    "best_avg_scores": {
        "XGBClassifier": {
            "binary_f1": 0.66483038561902, 
            "roc_auc": 0.9091705783229318, 
            "weighted_f1": 0.7227252723657625, 
            "accuracy": 0.8579939807137154
        }
    }
}