{
    "best_f1_scores": {
        "XGBClassifier": {
            "binary_f1": 0.6550421389131067, 
            "roc_auc": 0.9052200041359115, 
            "weighted_f1": 0.7146921976710078, 
            "accuracy": 0.85418586081936
        }
    }, 
    "best_weighted_scores": {
        "XGBClassifier": {
            "binary_f1": 0.6550421389131067, 
            "roc_auc": 0.9052200041359115, 
            "weighted_f1": 0.7146921976710078, 
            "accuracy": 0.85418586081936
        }
    }, 
    "best_auroc_scores": {
        "XGBClassifier": {
            "binary_f1": 0.6605801796495362, 
            "roc_auc": 0.9080844572745517, 
            "weighted_f1": 0.7196315989056787, 
            "accuracy": 0.8584239297340458
        }
    }, 
    "best_acc_scores": {
        "XGBClassifier": {
            "binary_f1": 0.6550421389131067, 
            "roc_auc": 0.9052200041359115, 
            "weighted_f1": 0.7146921976710078, 
            "accuracy": 0.85418586081936
        }
    }, 
    "best_avg_scores": {
        "XGBClassifier": {
            "binary_f1": 0.6550421389131067, 
            "roc_auc": 0.9052200041359115, 
            "weighted_f1": 0.7146921976710078, 
            "accuracy": 0.85418586081936
        }
    }
}