{
    "best_f1_scores": {
        "XGBClassifier": {
            "binary_f1": 0.66562098959076, 
            "roc_auc": 0.9056694028919179, 
            "weighted_f1": 0.7229282076227759, 
            "accuracy": 0.8559670781893004
        }
    }, 
    "best_weighted_scores": {
        "XGBClassifier": {
            "binary_f1": 0.66562098959076, 
            "roc_auc": 0.9056694028919179, 
            "weighted_f1": 0.7229282076227759, 
            "accuracy": 0.8559670781893004
        }
    }, 
    "best_auroc_scores": {
        "XGBClassifier": {
            "binary_f1": 0.6651356394430888, 
            "roc_auc": 0.9091684298654618, 
            "weighted_f1": 0.722707229888899, 
            "accuracy": 0.856704133652724
        }
    }, 
    "best_acc_scores": {
        "XGBClassifier": {
            "binary_f1": 0.6489928909952607, 
            "roc_auc": 0.9078356282622837, 
            "weighted_f1": 0.7102185451640012, 
            "accuracy": 0.8544315459738345
        }
    }, 
    "best_avg_scores": {
        "XGBClassifier": {
            "binary_f1": 0.66562098959076, 
            "roc_auc": 0.9056694028919179, 
            "weighted_f1": 0.7229282076227759, 
            "accuracy": 0.8559670781893004
        }
    }
}