{
    "best_f1_scores": {
        "XGBClassifier": {
            "binary_f1": 0.6480898876404494, 
            "roc_auc": 0.9093894177962536, 
            "weighted_f1": 0.7097850064063761, 
            "accuracy": 0.8557213930348259
        }
    }, 
    "best_weighted_scores": {
        "XGBClassifier": {
            "binary_f1": 0.6480898876404494, 
            "roc_auc": 0.9093894177962536, 
            "weighted_f1": 0.7097850064063761, 
            "accuracy": 0.8557213930348259
        }
    }, 
    "best_auroc_scores": {
        "XGBClassifier": {
            "binary_f1": 0.6518695069268583, 
            "roc_auc": 0.9075524134757107, 
            "weighted_f1": 0.7127499331935279, 
            "accuracy": 0.8564584484982495
        }
    }, 
    "best_acc_scores": {
        "XGBClassifier": {
            "binary_f1": 0.6480898876404494, 
            "roc_auc": 0.9093894177962536, 
            "weighted_f1": 0.7097850064063761, 
            "accuracy": 0.8557213930348259
        }
    }, 
    "best_avg_scores": {
        "XGBClassifier": {
            "binary_f1": 0.6480898876404494, 
            "roc_auc": 0.9093894177962536, 
            "weighted_f1": 0.7097850064063761, 
            "accuracy": 0.8557213930348259
        }
    }
}