,Column,Metric,Score
0,0,KSComplement,0.9905946956420142
1,1,KSComplement,0.99018576936558
2,2,KSComplement,0.9919967285897885
3,3,KSComplement,0.9945087042878841
4,4,KSComplement,0.992639327024185
5,5,KSComplement,0.9870311952330879
6,6,KSComplement,0.9924640729057133
7,7,KSComplement,0.9915878023133543
8,8,KSComplement,0.99018576936558
9,9,KSComplement,0.9899520972076177
10,10,TVComplement,0.9983058768547728
