,Column,Metric,Score
0,0,KSComplement,0.976770176418935
1,1,KSComplement,0.9755461536414678
2,2,KSComplement,0.9766903488464916
3,3,KSComplement,0.9716612117825497
4,4,KSComplement,0.9951571272717596
5,5,KSComplement,0.9864027034937867
6,6,KSComplement,0.9867220137835608
7,7,TVComplement,0.9943854607381389
8,8,TVComplement,0.9850456347622469
9,9,TVComplement,0.9612304089832628
10,10,TVComplement,0.9597935126792794
11,11,TVComplement,0.9946781618370986
