,Column,Metric,Score
0,0,KSComplement,0.9814230634419908
1,1,KSComplement,0.9874985395490127
2,2,KSComplement,0.9890174085757681
3,3,KSComplement,0.9879074658254469
4,4,KSComplement,0.98919266269424
5,5,KSComplement,0.9854539081668419
6,6,KSComplement,0.987615375627994
7,7,KSComplement,0.9924056548662227
8,8,KSComplement,0.9853954901273514
9,9,KSComplement,0.9906531136815048
10,10,TVComplement,0.9951513027222806
