{
    "best_f1_scores": {
        "XGBClassifier": {
            "binary_f1": 0.44555444555444557, 
            "roc_auc": 0.7755255909294727, 
            "weighted_f1": 0.5445856603888211, 
            "accuracy": 0.815
        }
    }, 
    "best_weighted_scores": {
        "XGBClassifier": {
            "binary_f1": 0.44555444555444557, 
            "roc_auc": 0.7755255909294727, 
            "weighted_f1": 0.5445856603888211, 
            "accuracy": 0.815
        }
    }, 
    "best_auroc_scores": {
        "XGBClassifier": {
            "binary_f1": 0.4590818363273453, 
            "roc_auc": 0.7788623406572289, 
            "weighted_f1": 0.5556678719391948, 
            "accuracy": 0.8193333333333334
        }
    }, 
    "best_acc_scores": {
        "XGBClassifier": {
            "binary_f1": 0.44557477110885046, 
            "roc_auc": 0.7784514124655691, 
            "weighted_f1": 0.5451355591058222, 
            "accuracy": 0.8183333333333334
        }
    }, 
    "best_avg_scores": {
        "XGBClassifier": {
            "binary_f1": 0.44555444555444557, 
            "roc_auc": 0.7755255909294727, 
            "weighted_f1": 0.5445856603888211, 
            "accuracy": 0.815
        }
    }
}