{
    "best_f1_scores": {
        "XGBClassifier": {
            "binary_f1": 0.4453524004085802, 
            "roc_auc": 0.7832504323874192, 
            "weighted_f1": 0.5450711383995188, 
            "accuracy": 0.819
        }
    }, 
    "best_weighted_scores": {
        "XGBClassifier": {
            "binary_f1": 0.4453524004085802, 
            "roc_auc": 0.7832504323874192, 
            "weighted_f1": 0.5450711383995188, 
            "accuracy": 0.819
        }
    }, 
    "best_auroc_scores": {
        "XGBClassifier": {
            "binary_f1": 0.4671968190854871, 
            "roc_auc": 0.7804749855870861, 
            "weighted_f1": 0.5622194320394547, 
            "accuracy": 0.8213333333333334
        }
    }, 
    "best_acc_scores": {
        "XGBClassifier": {
            "binary_f1": 0.4453524004085802, 
            "roc_auc": 0.7832504323874192, 
            "weighted_f1": 0.5450711383995188, 
            "accuracy": 0.819
        }
    }, 
    "best_avg_scores": {
        "XGBClassifier": {
            "binary_f1": 0.4671968190854871, 
            "roc_auc": 0.7804749855870861, 
            "weighted_f1": 0.5622194320394547, 
            "accuracy": 0.8213333333333334
        }
    }
}