{
    "best_r2_scores": {
        "XGBRegressor": {
            "r2": 0.6324712038040161, 
            "explained_variance": 0.6324716210365295, 
            "MAE": 0.4908413887023926, 
            "RMSE": 0.634909839386972
        }
    }, 
    "best_rmse_scores": {
        "XGBRegressor": {
            "r2": 0.6324712038040161, 
            "explained_variance": 0.6324716210365295, 
            "MAE": 0.4908413887023926, 
            "RMSE": 0.634909839386972
        }
    }
}