,Column,Metric,Score
0,0,KSComplement,0.9890758266152588
1,1,KSComplement,0.9928729991821474
2,2,KSComplement,0.9911204579974296
3,3,KSComplement,0.9896600070101648
4,4,KSComplement,0.9884916462203529
5,5,KSComplement,0.9899520972076177
6,6,KSComplement,0.9924640729057133
7,7,KSComplement,0.992639327024185
8,8,KSComplement,0.9887837364178058
9,9,KSComplement,0.9912957121159014
10,10,TVComplement,0.9967870078280173
