{
    "best_f1_scores": {
        "XGBClassifier": {
            "binary_f1": 0.8134507606084868, 
            "roc_auc": 0.9247068230277187, 
            "weighted_f1": 0.847040763808818, 
            "accuracy": 0.8774973711882229
        }
    }, 
    "best_weighted_scores": {
        "XGBClassifier": {
            "binary_f1": 0.8134507606084868, 
            "roc_auc": 0.9247068230277187, 
            "weighted_f1": 0.847040763808818, 
            "accuracy": 0.8774973711882229
        }
    }, 
    "best_auroc_scores": {
        "XGBClassifier": {
            "binary_f1": 0.8098256735340729, 
            "roc_auc": 0.9237630839309943, 
            "weighted_f1": 0.8435583344163566, 
            "accuracy": 0.8738170347003155
        }
    }, 
    "best_acc_scores": {
        "XGBClassifier": {
            "binary_f1": 0.8134507606084868, 
            "roc_auc": 0.9247068230277187, 
            "weighted_f1": 0.847040763808818, 
            "accuracy": 0.8774973711882229
        }
    }, 
    "best_avg_scores": {
        "XGBClassifier": {
            "binary_f1": 0.8134507606084868, 
            "roc_auc": 0.9247068230277187, 
            "weighted_f1": 0.847040763808818, 
            "accuracy": 0.8774973711882229
        }
    }
}