{
    "best_f1_scores": {
        "XGBClassifier": {
            "binary_f1": 0.8146417445482866, 
            "roc_auc": 0.9204933126574917, 
            "weighted_f1": 0.8466671143563151, 
            "accuracy": 0.8748685594111462
        }
    }, 
    "best_weighted_scores": {
        "XGBClassifier": {
            "binary_f1": 0.8146417445482866, 
            "roc_auc": 0.9204933126574917, 
            "weighted_f1": 0.8466671143563151, 
            "accuracy": 0.8748685594111462
        }
    }, 
    "best_auroc_scores": {
        "XGBClassifier": {
            "binary_f1": 0.812254516889238, 
            "roc_auc": 0.9213752665245203, 
            "weighted_f1": 0.845126225867152, 
            "accuracy": 0.8743427970557308
        }
    }, 
    "best_acc_scores": {
        "XGBClassifier": {
            "binary_f1": 0.8146417445482866, 
            "roc_auc": 0.9204933126574917, 
            "weighted_f1": 0.8466671143563151, 
            "accuracy": 0.8748685594111462
        }
    }, 
    "best_avg_scores": {
        "XGBClassifier": {
            "binary_f1": 0.8146417445482866, 
            "roc_auc": 0.9204933126574917, 
            "weighted_f1": 0.8466671143563151, 
            "accuracy": 0.8748685594111462
        }
    }
}