{
    "best_f1_scores": {
        "XGBClassifier": {
            "binary_f1": 0.6795580110497238, 
            "roc_auc": 0.9238431687670267, 
            "weighted_f1": 0.7219471879298263, 
            "accuracy": 0.9059205190592052
        }
    }, 
    "best_weighted_scores": {
        "XGBClassifier": {
            "binary_f1": 0.6795580110497238, 
            "roc_auc": 0.9238431687670267, 
            "weighted_f1": 0.7219471879298263, 
            "accuracy": 0.9059205190592052
        }
    }, 
    "best_auroc_scores": {
        "XGBClassifier": {
            "binary_f1": 0.6406685236768802, 
            "roc_auc": 0.9304333339866335, 
            "weighted_f1": 0.6882979448819562, 
            "accuracy": 0.8953771289537713
        }
    }, 
    "best_acc_scores": {
        "XGBClassifier": {
            "binary_f1": 0.6592797783933518, 
            "roc_auc": 0.9272631950296926, 
            "weighted_f1": 0.7043817408921538, 
            "accuracy": 0.9002433090024331
        }
    }, 
    "best_avg_scores": {
        "XGBClassifier": {
            "binary_f1": 0.6592797783933518, 
            "roc_auc": 0.9272631950296926, 
            "weighted_f1": 0.7043817408921538, 
            "accuracy": 0.9002433090024331
        }
    }
}