{
    "best_f1_scores": {
        "XGBClassifier": {
            "binary_f1": 0.6253521126760564, 
            "roc_auc": 0.9346177214197519, 
            "weighted_f1": 0.6751444732258611, 
            "accuracy": 0.8921330089213301
        }
    }, 
    "best_weighted_scores": {
        "XGBClassifier": {
            "binary_f1": 0.6253521126760564, 
            "roc_auc": 0.9346177214197519, 
            "weighted_f1": 0.6751444732258611, 
            "accuracy": 0.8921330089213301
        }
    }, 
    "best_auroc_scores": {
        "XGBClassifier": {
            "binary_f1": 0.6537396121883656, 
            "roc_auc": 0.9371631421123807, 
            "weighted_f1": 0.6995749399310505, 
            "accuracy": 0.8986212489862125
        }
    }, 
    "best_acc_scores": {
        "XGBClassifier": {
            "binary_f1": 0.6253521126760564, 
            "roc_auc": 0.9346177214197519, 
            "weighted_f1": 0.6751444732258611, 
            "accuracy": 0.8921330089213301
        }
    }, 
    "best_avg_scores": {
        "XGBClassifier": {
            "binary_f1": 0.6253521126760564, 
            "roc_auc": 0.9346177214197519, 
            "weighted_f1": 0.6751444732258611, 
            "accuracy": 0.8921330089213301
        }
    }
}