{
    "best_f1_scores": {
        "XGBClassifier": {
            "binary_f1": 0.680306905370844, 
            "roc_auc": 0.9323589361660427, 
            "weighted_f1": 0.7217603277247984, 
            "accuracy": 0.8986212489862125
        }
    }, 
    "best_weighted_scores": {
        "XGBClassifier": {
            "binary_f1": 0.680306905370844, 
            "roc_auc": 0.9323589361660427, 
            "weighted_f1": 0.7217603277247984, 
            "accuracy": 0.8986212489862125
        }
    }, 
    "best_auroc_scores": {
        "XGBClassifier": {
            "binary_f1": 0.680306905370844, 
            "roc_auc": 0.9323589361660427, 
            "weighted_f1": 0.7217603277247984, 
            "accuracy": 0.8986212489862125
        }
    }, 
    "best_acc_scores": {
        "XGBClassifier": {
            "binary_f1": 0.6907216494845361, 
            "roc_auc": 0.9313152891833095, 
            "weighted_f1": 0.7309094123910027, 
            "accuracy": 0.902676399026764
        }
    }, 
    "best_avg_scores": {
        "XGBClassifier": {
            "binary_f1": 0.680306905370844, 
            "roc_auc": 0.9323589361660427, 
            "weighted_f1": 0.7217603277247984, 
            "accuracy": 0.8986212489862125
        }
    }
}