{
    "best_f1_scores": {
        "XGBClassifier": {
            "binary_f1": 0.6486486486486487, 
            "roc_auc": 0.9164004468572997, 
            "weighted_f1": 0.694875497607152, 
            "accuracy": 0.894566098945661
        }
    }, 
    "best_weighted_scores": {
        "XGBClassifier": {
            "binary_f1": 0.6366197183098592, 
            "roc_auc": 0.9176425337592851, 
            "weighted_f1": 0.6849145642566623, 
            "accuracy": 0.8953771289537713
        }
    }, 
    "best_auroc_scores": {
        "XGBClassifier": {
            "binary_f1": 0.6536312849162011, 
            "roc_auc": 0.9318493620524078, 
            "weighted_f1": 0.6995732164469317, 
            "accuracy": 0.8994322789943228
        }
    }, 
    "best_acc_scores": {
        "XGBClassifier": {
            "binary_f1": 0.6366197183098592, 
            "roc_auc": 0.9176425337592851, 
            "weighted_f1": 0.6849145642566623, 
            "accuracy": 0.8953771289537713
        }
    }, 
    "best_avg_scores": {
        "XGBClassifier": {
            "binary_f1": 0.6480446927374302, 
            "roc_auc": 0.9324275326813398, 
            "weighted_f1": 0.6947276231638175, 
            "accuracy": 0.8978102189781022
        }
    }
}