,Column,Metric,Score
0,0,KSComplement,0.9893094987732212
1,1,KSComplement,0.9891342446547493
2,2,KSComplement,0.9895431709311836
3,3,KSComplement,0.9952097207617713
4,4,KSComplement,0.9957354831171866
5,5,KSComplement,0.9928729991821474
6,6,KSComplement,0.9926977450636757
7,7,KSComplement,0.990769949760486
8,8,KSComplement,0.9904194415235424
9,9,KSComplement,0.9919383105502979
10,10,TVComplement,0.9963196635120926
