,Column,Metric,Score
0,0,KSComplement,0.9861549246407291
1,1,KSComplement,0.9862133426802197
2,2,KSComplement,0.9852786540483701
3,3,KSComplement,0.9878490477859563
4,4,KSComplement,0.9865054328776727
5,5,KSComplement,0.9884916462203528
6,6,KSComplement,0.9869143591541067
7,7,KSComplement,0.9884916462203528
8,8,KSComplement,0.988900572496787
9,9,KSComplement,0.9883748101413716
10,10,TVComplement,0.9989484752891693
