{
    "best_f1_scores": {
        "XGBClassifier": {
            "binary_f1": 0.6068111455108359, 
            "roc_auc": 0.9246313591214104, 
            "weighted_f1": 0.6552886628035928, 
            "accuracy": 0.8969991889699919
        }
    }, 
    "best_weighted_scores": {
        "XGBClassifier": {
            "binary_f1": 0.6068111455108359, 
            "roc_auc": 0.9246313591214104, 
            "weighted_f1": 0.6552886628035928, 
            "accuracy": 0.8969991889699919
        }
    }, 
    "best_auroc_scores": {
        "XGBClassifier": {
            "binary_f1": 0.6276923076923077, 
            "roc_auc": 0.9249440810744916, 
            "weighted_f1": 0.6735372193947046, 
            "accuracy": 0.9018653690186537
        }
    }, 
    "best_acc_scores": {
        "XGBClassifier": {
            "binary_f1": 0.6068111455108359, 
            "roc_auc": 0.9246313591214104, 
            "weighted_f1": 0.6552886628035928, 
            "accuracy": 0.8969991889699919
        }
    }, 
    "best_avg_scores": {
        "XGBClassifier": {
            "binary_f1": 0.6068111455108359, 
            "roc_auc": 0.9246313591214104, 
            "weighted_f1": 0.6552886628035928, 
            "accuracy": 0.8969991889699919
        }
    }
}