{
    "best_f1_scores": {
        "XGBClassifier": {
            "binary_f1": 0.6111111111111112, 
            "roc_auc": 0.919733815313835, 
            "weighted_f1": 0.6590281422111965, 
            "accuracy": 0.8978102189781022
        }
    }, 
    "best_weighted_scores": {
        "XGBClassifier": {
            "binary_f1": 0.6111111111111112, 
            "roc_auc": 0.919733815313835, 
            "weighted_f1": 0.6590281422111965, 
            "accuracy": 0.8978102189781022
        }
    }, 
    "best_auroc_scores": {
        "XGBClassifier": {
            "binary_f1": 0.6081504702194357, 
            "roc_auc": 0.9169961731313538, 
            "weighted_f1": 0.65658481525833, 
            "accuracy": 0.8986212489862125
        }
    }, 
    "best_acc_scores": {
        "XGBClassifier": {
            "binary_f1": 0.6111111111111112, 
            "roc_auc": 0.919733815313835, 
            "weighted_f1": 0.6590281422111965, 
            "accuracy": 0.8978102189781022
        }
    }, 
    "best_avg_scores": {
        "XGBClassifier": {
            "binary_f1": 0.6111111111111112, 
            "roc_auc": 0.919733815313835, 
            "weighted_f1": 0.6590281422111965, 
            "accuracy": 0.8978102189781022
        }
    }
}