{
    "best_f1_scores": {
        "XGBClassifier": {
            "binary_f1": 0.22556390977443608, 
            "roc_auc": 0.5052924215279913, 
            "weighted_f1": 0.2842045555696379, 
            "accuracy": 0.49878345498783455
        }
    }, 
    "best_weighted_scores": {
        "XGBClassifier": {
            "binary_f1": 0.2320730117340287, 
            "roc_auc": 0.5093366054297012, 
            "weighted_f1": 0.2932280748470738, 
            "accuracy": 0.5223033252230332
        }
    }, 
    "best_auroc_scores": {
        "XGBClassifier": {
            "binary_f1": 0.229064039408867, 
            "roc_auc": 0.5292156509386958, 
            "weighted_f1": 0.28603910641856617, 
            "accuracy": 0.49229521492295214
        }
    }, 
    "best_acc_scores": {
        "XGBClassifier": {
            "binary_f1": 0.2320730117340287, 
            "roc_auc": 0.5093366054297012, 
            "weighted_f1": 0.2932280748470738, 
            "accuracy": 0.5223033252230332
        }
    }, 
    "best_avg_scores": {
        "XGBClassifier": {
            "binary_f1": 0.229064039408867, 
            "roc_auc": 0.5292156509386958, 
            "weighted_f1": 0.28603910641856617, 
            "accuracy": 0.49229521492295214
        }
    }
}