,Column,Metric,Score
0,0,KSComplement,0.9741624757191134
1,1,KSComplement,0.9868018413560045
2,2,KSComplement,0.979856842553418
3,3,KSComplement,0.9589952369548442
4,4,KSComplement,0.9958489662329368
5,5,KSComplement,0.994811207791171
6,6,KSComplement,0.9486442617280009
7,7,TVComplement,0.9926292541443815
8,8,TVComplement,0.9766903488464915
9,9,TVComplement,0.91115191187036
10,10,TVComplement,0.9240041510337671
11,11,TVComplement,0.9936936217769617
