,Column,Metric,Score
0,0,KSComplement,0.9699848327612357
1,1,KSComplement,0.9901279902078177
2,2,KSComplement,0.9740560389558554
3,3,KSComplement,0.9688938559378409
4,4,KSComplement,0.9955030467523482
5,5,KSComplement,0.994491897501397
6,6,KSComplement,0.9449455842047844
7,7,TVComplement,0.9870147148825203
8,8,TVComplement,0.9576115590324898
9,9,TVComplement,0.8693754822915836
10,10,TVComplement,0.9179638647188739
11,11,TVComplement,0.9923099438546074
