,Column,Metric,Score
0,0,KSComplement,0.9885580479497618
1,1,KSComplement,0.9858439104866821
2,2,KSComplement,0.989515978819084
3,3,KSComplement,0.9628535696229478
4,4,KSComplement,0.9956094835156063
5,5,KSComplement,0.9919906335648333
6,6,KSComplement,0.9596072483435779
7,7,TVComplement,0.9975785636358798
8,8,TVComplement,0.9785529922035071
9,9,TVComplement,0.9595274207711344
10,10,TVComplement,0.9643969026901892
11,11,TVComplement,0.9954498283707193
