,Column,Metric,Score
0,0,KSComplement,0.9850449818904078
1,1,KSComplement,0.9886669003388245
2,2,KSComplement,0.9920551466292792
3,3,KSComplement,0.9921135646687697
4,4,KSComplement,0.9906531136815049
5,5,KSComplement,0.9888421544572964
6,6,KSComplement,0.9906531136815049
7,7,KSComplement,0.992931417221638
8,8,KSComplement,0.9879074658254469
9,9,KSComplement,0.9892510807337306
10,10,TVComplement,0.9957354831171866
