{
    "best_f1_scores": {
        "XGBClassifier": {
            "binary_f1": 0.4343720491029273, 
            "roc_auc": 0.7587212452683305, 
            "weighted_f1": 0.5334726761622843, 
            "accuracy": 0.8003333333333333
        }
    }, 
    "best_weighted_scores": {
        "XGBClassifier": {
            "binary_f1": 0.4343720491029273, 
            "roc_auc": 0.7587212452683305, 
            "weighted_f1": 0.5334726761622843, 
            "accuracy": 0.8003333333333333
        }
    }, 
    "best_auroc_scores": {
        "XGBClassifier": {
            "binary_f1": 0.46872082166199813, 
            "roc_auc": 0.7636755910298512, 
            "weighted_f1": 0.561453128542957, 
            "accuracy": 0.8103333333333333
        }
    }, 
    "best_acc_scores": {
        "XGBClassifier": {
            "binary_f1": 0.437440305635148, 
            "roc_auc": 0.7615495059441248, 
            "weighted_f1": 0.5363724419283384, 
            "accuracy": 0.8036666666666666
        }
    }, 
    "best_avg_scores": {
        "XGBClassifier": {
            "binary_f1": 0.46872082166199813, 
            "roc_auc": 0.7636755910298512, 
            "weighted_f1": 0.561453128542957, 
            "accuracy": 0.8103333333333333
        }
    }
}