{
    "best_f1_scores": {
        "XGBClassifier": {
            "binary_f1": 0.46564885496183206, 
            "roc_auc": 0.7647985394913843, 
            "weighted_f1": 0.5597314884468506, 
            "accuracy": 0.8133333333333334
        }
    }, 
    "best_weighted_scores": {
        "XGBClassifier": {
            "binary_f1": 0.46564885496183206, 
            "roc_auc": 0.7647985394913843, 
            "weighted_f1": 0.5597314884468506, 
            "accuracy": 0.8133333333333334
        }
    }, 
    "best_auroc_scores": {
        "XGBClassifier": {
            "binary_f1": 0.4585365853658537, 
            "roc_auc": 0.7701569406187945, 
            "weighted_f1": 0.5545488417698248, 
            "accuracy": 0.815
        }
    }, 
    "best_acc_scores": {
        "XGBClassifier": {
            "binary_f1": 0.4716073147256978, 
            "roc_auc": 0.7751966562039588, 
            "weighted_f1": 0.5649002391900326, 
            "accuracy": 0.817
        }
    }, 
    "best_avg_scores": {
        "XGBClassifier": {
            "binary_f1": 0.4716073147256978, 
            "roc_auc": 0.7751966562039588, 
            "weighted_f1": 0.5649002391900326, 
            "accuracy": 0.817
        }
    }
}