,Column,Metric,Score
0,0,KSComplement,0.9886669003388245
1,1,KSComplement,0.9900105152471083
2,2,KSComplement,0.9926393270241851
3,3,KSComplement,0.9910036219184484
4,4,KSComplement,0.988900572496787
5,5,KSComplement,0.9874401215095221
6,6,KSComplement,0.9862717607197102
7,7,KSComplement,0.9939829419324687
8,8,KSComplement,0.9932235074190909
9,9,KSComplement,0.9870896132725785
10,10,TVComplement,0.9808973010865756
