,Column,Metric,Score
0,0,KSComplement,0.9853422664709947
1,1,KSComplement,0.9868050245561562
2,2,KSComplement,0.9943473814913262
3,3,KSComplement,0.9943927419027809
4,4,KSComplement,0.9945099670485671
5,5,KSComplement,0.9842980145791249
6,6,KSComplement,0.9862300862043034
7,7,KSComplement,0.9923527008263362
8,8,KSComplement,0.9914901226552215
9,9,KSComplement,0.990201471965317
10,10,TVComplement,0.9855904398996118
