,Column,Metric,Score
0,0,KSComplement,0.9880524733242861
1,1,KSComplement,0.9914318405577286
2,2,KSComplement,0.9907133924057369
3,3,KSComplement,0.9868018413560044
4,4,KSComplement,0.9981373566429844
5,5,KSComplement,0.9936670125861472
6,6,KSComplement,0.9874936803171815
7,7,TVComplement,0.9962481040951545
8,8,TVComplement,0.9906069556424789
9,9,TVComplement,0.9862430483488998
10,10,TVComplement,0.9887709214762779
11,11,TVComplement,0.9878662089885847
