,Column,Metric,Score
0,0,KSComplement,0.9922888187872414
1,1,KSComplement,0.9896600070101648
2,2,KSComplement,0.9909452038789578
3,3,KSComplement,0.9946839584063559
4,4,KSComplement,0.9956186470382054
5,5,KSComplement,0.9877322117069751
6,6,KSComplement,0.9937492697745064
7,7,KSComplement,0.9909452038789578
8,8,KSComplement,0.9909452038789578
9,9,KSComplement,0.9930482533006193
10,10,TVComplement,0.9993574015656035
