,Column,Metric,Score
0,0,KSComplement,0.978446555440249
1,1,KSComplement,0.9930816103882282
2,2,KSComplement,0.9851520715255049
3,3,KSComplement,0.9528751230675075
4,4,KSComplement,0.9968068971022591
5,5,KSComplement,0.9945185066922115
6,6,KSComplement,0.9533008701205397
7,7,TVComplement,0.9941459780208084
8,8,TVComplement,0.9784731646310636
9,9,TVComplement,0.9404486309571326
10,10,TVComplement,0.9559617892019904
11,11,TVComplement,0.9968068971022591
