,Column,Metric,Score
0,0,KSComplement,0.9793778771187568
1,1,KSComplement,0.9903408637343338
2,2,KSComplement,0.9856310369601661
3,3,KSComplement,0.9500013304595407
4,4,KSComplement,0.9971528165828477
5,5,KSComplement,0.994811207791171
6,6,KSComplement,0.9405550677203907
7,7,TVComplement,0.992921955243341
8,8,TVComplement,0.9771959234719673
9,9,TVComplement,0.9496021925973231
10,10,TVComplement,0.9662861552380192
11,11,TVComplement,0.9940395412575503
