,Column,Metric,Score
0,0,KSComplement,0.9732577632314201
1,1,KSComplement,0.9904473004975919
2,2,KSComplement,0.9779409808147734
3,3,KSComplement,0.961602937654666
4,4,KSComplement,0.9969399430563316
5,5,KSComplement,0.9936404033953327
6,6,KSComplement,0.9587823634283281
7,7,TVComplement,0.9901279902078178
8,8,TVComplement,0.9733109816130492
9,9,TVComplement,0.8933769724062691
10,10,TVComplement,0.9197732896942604
11,11,TVComplement,0.9915382773209866
