,Column,Metric,Score
0,0,KSComplement,0.9755727628322822
1,1,KSComplement,0.9810808653308852
2,2,KSComplement,0.9721135680263964
3,3,KSComplement,0.969053511082728
4,4,KSComplement,0.9944120699289534
5,5,KSComplement,0.9951305180809452
6,6,KSComplement,0.9495755834065086
7,7,TVComplement,0.9935605758228891
8,8,TVComplement,0.9701178787153083
9,9,TVComplement,0.8705728958782364
10,10,TVComplement,0.9081184641175062
11,11,TVComplement,0.9984832761235731
