{
    "best_f1_scores": {
        "XGBClassifier": {
            "binary_f1": 0.4228456913827655, 
            "roc_auc": 0.7641537139702759, 
            "weighted_f1": 0.5255637736889213, 
            "accuracy": 0.808
        }
    }, 
    "best_weighted_scores": {
        "XGBClassifier": {
            "binary_f1": 0.4228456913827655, 
            "roc_auc": 0.7641537139702759, 
            "weighted_f1": 0.5255637736889213, 
            "accuracy": 0.808
        }
    }, 
    "best_auroc_scores": {
        "XGBClassifier": {
            "binary_f1": 0.4231536926147705, 
            "roc_auc": 0.7648120860272821, 
            "weighted_f1": 0.5256938368161637, 
            "accuracy": 0.8073333333333333
        }
    }, 
    "best_acc_scores": {
        "XGBClassifier": {
            "binary_f1": 0.4228456913827655, 
            "roc_auc": 0.7641537139702759, 
            "weighted_f1": 0.5255637736889213, 
            "accuracy": 0.808
        }
    }, 
    "best_avg_scores": {
        "XGBClassifier": {
            "binary_f1": 0.4228456913827655, 
            "roc_auc": 0.7641537139702759, 
            "weighted_f1": 0.5255637736889213, 
            "accuracy": 0.808
        }
    }
}