,Column,Metric,Score
0,0,KSComplement,0.9690384390699848
1,1,KSComplement,0.9708493982941933
2,2,KSComplement,0.9688047669120223
3,3,KSComplement,0.9668185535693422
4,4,KSComplement,0.96857109475406
5,5,KSComplement,0.9709078163336838
6,6,KSComplement,0.9716672508470615
7,7,KSComplement,0.9681037504381353
8,8,KSComplement,0.9660591190559644
9,9,KSComplement,0.9682205865171165
10,10,TVComplement,0.9970206799859797
