,Column,Metric,Score
0,0,KSComplement,0.990477859563033
1,1,KSComplement,0.9900105152471083
2,2,KSComplement,0.9893679168127117
3,3,KSComplement,0.9868559411146162
4,4,KSComplement,0.988900572496787
5,5,KSComplement,0.9923472368267321
6,6,KSComplement,0.9912372940764108
7,7,KSComplement,0.9892510807337306
8,8,KSComplement,0.9917046383923355
9,9,KSComplement,0.9897768430891459
10,10,TVComplement,0.9969622619464891
